ID,Name,Description (Short),Name (Chinese),Description (Chinese Short)
10000000voltthunderbolt,"10,000,000 Volt Thunderbolt",Very high critical hit ratio.,千万伏特,戴着帽子的皮卡丘将通过Z力量增强的电击全力释放给对手，容易命中要害。
absorb,Absorb,User recovers 50% of the damage dealt.,吸取,吸取对手的养分进行攻击，可以回复给予对手伤害的一半ＨＰ。
accelerock,Accelerock,Usually goes first.,冲岩,迅速撞向对手进行攻击，必定能够先制攻击。
acid,Acid,10% chance to lower the foe(s) Sp. Def by 1.,溶解液,将强酸泼向对手进行攻击，10%几率令目标特防降低1级。
acidarmor,Acid Armor,Raises the user's Defense by 2.,溶化,通过细胞的变化进行液化，从而大幅提高自己的防御，	令自己防御提升2级。
aciddownpour,Acid Downpour,Power is equal to the base move's Z-Power.,强酸剧毒灭绝雨,通过Ｚ力量使毒沼涌起，全力让对手沉下去，威力会根据原来的招式而改变。
acidspray,Acid Spray,100% chance to lower the target's Sp. Def by 2.,酸液炸弹,喷出能溶化对手的液体进行攻击，大幅降低对手的特防，	100%几率令目标特防降低2级。
acrobatics,Acrobatics,Power doubles if the user has no held item.,杂技,轻巧地攻击对手，自己没有携带道具时，威力翻倍。
acupressure,Acupressure,Raises a random stat of the user or an ally by 2.,点穴,通过点穴让身体舒筋活络，大幅提高某１项能力2级。
aerialace,Aerial Ace,This move does not check accuracy.,燕返,以敏捷的动作戏弄对手后进行切斩，攻击必定会命中。
aeroblast,Aeroblast,High critical hit ratio.,气旋攻击,发射空气旋涡进行攻击，容易击中要害，击中要害率比普通招式高1级。
afteryou,After You,The target makes its move right after the user.,您先请,支援我方或对手的行动，使其紧接着此招式之后行动。
agility,Agility,Raises the user's Speed by 2.,高速移动,让身体放松变得轻盈，以便高速移动，令自己速度提高2级。
aircutter,Air Cutter,High critical hit ratio. Hits adjacent foes.,空气利刃,用锐利的风切斩对手进行攻击，容易击中要害，击中要害率比普通招式高1级。
airslash,Air Slash,30% chance to flinch the target.,空气斩,用连天空也能劈开的空气之刃进行攻击，有时会使对手畏缩，30%几率令目标畏缩。
alloutpummeling,All-Out Pummeling,Power is equal to the base move's Z-Power.,全力无双激烈拳,通过Ｚ力量制造出能量弹，全力撞向对手，威力会根据原来的招式而改变。
allyswitch,Ally Switch,The user swaps positions with its ally.,交换场地,用神奇的力量瞬间移动，互换自己和同伴所在的位置。
amnesia,Amnesia,Raises the user's Sp. Def by 2.,瞬间失忆,将头脑清空，瞬间忘记某事，从而大幅提高自己的特防，令自己特防提高2级。
anchorshot,Anchor Shot,Prevents the target from switching out.,掷锚,将锚缠住对手进行攻击，使对手无法逃走。
ancientpower,Ancient Power,10% chance to raise all stats by 1 (not acc/eva).,原始之力,用原始之力进行攻击，有时会提高自己所有的能力，10%几率令自己全部能力提升1级。
appleacid,Apple Acid,100% chance to lower the target's Sp. Def by 1.,苹果酸,使用从酸苹果中提取出来的酸性液体进行攻击，降低对手特防，令对手特防降低1级。
aquajet,Aqua Jet,Usually goes first.,水流喷射,以迅雷不及掩耳之势扑向对手，必定能够先制攻击。
aquaring,Aqua Ring,User recovers 1/16 max HP per turn.,水流环,在自己身体的周围覆盖用水制造的幕，每回合回复ＨＰ。
aquatail,Aqua Tail,No additional effect.,水流尾,如惊涛骇浪般挥动大尾巴攻击对手。
armthrust,Arm Thrust,Hits 2-5 times in one turn.,猛推,用张开着的双手猛推对手进行攻击，连续攻击２～５次。
aromatherapy,Aromatherapy,Cures the user's party of all status conditions.,芳香治疗,让同伴闻沁人心脾的香气，从而治愈我方全员的异常状态。
aromaticmist,Aromatic Mist,Raises an ally's Sp. Def by 1.,芳香薄雾,通过神奇的芳香，提高我方宝可梦的特防，令一位同伴的特防提升1级。
assist,Assist,Uses a random move known by a team member.,借助,向我方紧急求助，从我方宝可梦已学会的招式中随机使用１个。
assurance,Assurance,Power doubles if target was damaged this turn.,恶意追击,如果此回合内对手已经受到伤害的话，招式威力会变成２倍。
astonish,Astonish,30% chance to flinch the target.,惊吓,用尖叫声等突然惊吓对手进行攻击，有时会使对手畏缩，30%几率令目标畏缩。
astralbarrage,Astral Barrage,No additional effect. Hits adjacent foes.,星碎,用大量的小灵体向对手发起攻击。
attackorder,Attack Order,High critical hit ratio.,攻击指令,召唤手下，让其朝对手发起攻击，容易击中要害，击中要害率比普通招式高1级。
attract,Attract,A target of the opposite gender gets infatuated.,迷人,诱惑对手，让对手着迷，对手将很难使出招式。
aurasphere,Aura Sphere,This move does not check accuracy.,波导弹,从体内产生出波导之力，然后向对手发出，攻击必定会命中。
aurawheel,Aura Wheel,Morpeko: Electric; Hangry: Dark; 100% +1 Spe.,气场轮,用储存在颊囊里的能量进行攻击，并提升自己的速度，其属性会随着莫鲁贝可的样子而改变。
aurorabeam,Aurora Beam,10% chance to lower the target's Attack by 1.,极光束,向对手发射虹色光束进行攻击，有时会降低对手的攻击，10%几率令目标攻击降低1级。
auroraveil,Aurora Veil,"For 5 turns, damage to allies is halved. Hail only.",极光幕,在５回合内减弱物理和特殊的伤害，只有冰雹时才能使出。
autotomize,Autotomize,Raises the user's Speed by 2; user loses 100 kg.,身体轻量化,削掉身体上没用的部分。大幅提高自己的速度，同时体重也会变轻，令自己速度提升2级。
avalanche,Avalanche,Power doubles if user is damaged by the target.,雪崩,如果受到对手的招式攻击，就能给予该对手２倍威力的攻击。
babydolleyes,Baby-Doll Eyes,Lowers the target's Attack by 1.,圆瞳,用圆瞳凝视对手，从而降低其攻击。必定能够先制攻击，令目标攻击降低1级。
baddybad,Baddy Bad,Summons Reflect.,坏坏领域,恶行恶相地进行攻击，制造一道能减弱对手的反射壁。
banefulbunker,Baneful Bunker,Protects from moves. Contact: poison.,碉堡,防住对手攻击的同时，让接触到自己的对手中毒。
barrage,Barrage,Hits 2-5 times in one turn.,投球,向对手投掷圆形物体进行攻击，连续攻击２～５次。
barrier,Barrier,Raises the user's Defense by 2.,屏障,制造坚固的壁障，从而大幅提高自己的防御，令自己防御提升2级。
batonpass,Baton Pass,"User switches, passing stat changes and more.",接棒,和后备宝可梦进行替换，换上的宝可梦能直接继承其能力的变化。
beakblast,Beak Blast,Burns on contact with the user before it moves.,鸟嘴加农炮,先加热鸟嘴后再进行攻击，鸟嘴在加热时对手触碰的话，就会使其灼伤。
beatup,Beat Up,All healthy allies aid in damaging the target.,围攻,我方全员进行攻击，同行的宝可梦越多，招式的攻击次数越多。
behemothbash,Behemoth Bash,Damage doubles if the target is Dynamaxed.,巨兽弹,变身为巨大的盾，撞击对手，如果对手正处于极巨化状态，则造成的伤害会变成2倍。
behemothblade,Behemoth Blade,Damage doubles if the target is Dynamaxed.,巨兽斩,变身为巨大的剑，挥斩对手，如果对手正处于极巨化状态，则造成的伤害会变成2倍。
belch,Belch,Cannot be selected until the user eats a Berry.,打嗝,朝着对手打嗝，并给予伤害，如果不吃树果则无法使出。
bellydrum,Belly Drum,User loses 50% max HP. Maximizes Attack.,腹鼓,将自己的ＨＰ减少到最大ＨＰ的一半，从而最大限度提高自己的攻击。
bestow,Bestow,User passes its held item to the target.,传递礼物,当对手未携带道具时，能够将自己携带的道具交给对手。
bide,Bide,Waits 2 turns; deals double the damage taken.,忍耐,在２回合内忍受攻击，受到的伤害会２倍返还给对手。
bind,Bind,Traps and damages the target for 4-5 turns.,绑紧,使用长长的身体或藤蔓等，在４～５回合内绑紧对手进行攻击。
bite,Bite,30% chance to flinch the target.,咬住,用尖锐的牙咬住对手进行攻击，有时会使对手畏缩，30%几率令目标畏缩。
blackholeeclipse,Black Hole Eclipse,Power is equal to the base move's Z-Power.,黑洞吞噬万物灭,通过Ｚ力量收集恶能量，全力将对手吸入，威力会根据原来的招式而改变。
blastburn,Blast Burn,User cannot move next turn.,爆炸烈焰,用爆炸的火焰烧尽对手进行攻击，下一回合自己将无法动弹。
blazekick,Blaze Kick,High critical hit ratio. 10% chance to burn.,火焰踢,攻击对手后，有时会使其陷入灼伤状态，也容易击中要害，10%几率令目标烧伤。
blizzard,Blizzard,10% chance to freeze foe(s). Can't miss in hail.,暴风雪,将猛烈的暴风雪刮向对手进行攻击，有时会让对手陷入冰冻状态，	10%几率令目标冰冻。
block,Block,Prevents the target from switching out.,挡路,张开双手进行阻挡，封住对手的退路，使其不能逃走。
bloomdoom,Bloom Doom,Power is equal to the base move's Z-Power.,绚烂缤纷花怒放,通过Ｚ力量借助花草的能量，全力攻击对手，威力会根据原来的招式而改变。
blueflare,Blue Flare,20% chance to burn the target.,青焰,用美丽而激烈的青焰包裹住对手进行攻击，有时会让对手陷入灼伤状态，20%几率令目标烧伤。
bodypress,Body Press,Uses user's Def stat as Atk in damage calculation.,扑击,用身体撞向对手进行攻击，防御越高，给予的伤害就越高。
bodyslam,Body Slam,30% chance to paralyze the target.,泰山压顶,用整个身体压住对手进行攻击，有时会让对手陷入麻痹状态，30%几率令目标麻痹。
boltbeak,Bolt Beak,Power doubles if user moves before the target.,电喙,用带电的喙啄刺对手，如果比对手先出手攻击，招试的威力会变为2倍。
boltstrike,Bolt Strike,20% chance to paralyze the target.,雷击,让强大的电流覆盖全身，猛撞向对手进行攻击，有时会让对手陷入麻痹状态，20%几率令目标麻痹。
boneclub,Bone Club,10% chance to flinch the target.,骨棒,用手中的骨头殴打对手进行攻击，有时会使对手畏缩，10%几率令目标畏缩。
bonemerang,Bonemerang,Hits 2 times in one turn.,骨头回力镖,攻击目标造成伤害，一回合内连续攻击2次。
bonerush,Bone Rush,Hits 2-5 times in one turn.,骨棒乱打,"用坚硬的骨头殴打对手进行攻击,连续攻击２～５次。"
boomburst,Boomburst,No additional effect. Hits adjacent Pokemon.,爆音波,"没有额外的影响,击中附近的口袋妖怪。"
bounce,Bounce,Bounces turn 1. Hits turn 2. 30% paralyze.,弹跳,第一回合弹跳上天空进行蓄力，第二回合发动攻击。有30%的几率使目标陷入麻痹状态。
bouncybubble,Bouncy Bubble,User recovers 50% of the damage dealt.,活活气泡,攻击目标造成伤害，自身的ＨＰ恢复造成的伤害的50%
branchpoke,Branch Poke,No additional effect.,木枝突刺,攻击目标造成伤害。
bravebird,Brave Bird,Has 33% recoil.,勇鸟猛攻,攻击目标造成伤害。使用者承受对目标造成伤害的1⁄3的伤害。
breakingswipe,Breaking Swipe,100% chance to lower the foe(s) Attack by 1.,广域破坏,攻击目标造成伤害。令目标的攻击降低1级。
breakneckblitz,Breakneck Blitz,Power is equal to the base move's Z-Power.,究极无敌大冲撞,通过Ｚ力量气势猛烈地全力撞上对手。威力会根据原来的招式而改变。
brickbreak,Brick Break,"Destroys screens, unless the target is immune.",劈瓦,破坏对方场地的光墙、反射壁和极光幕，并攻击目标造成伤害。不受反射壁和极光幕的伤害降低影响。
brine,Brine,Power doubles if the target's HP is 50% or less.,盐水,攻击目标造成伤害。如果目标的ＨＰ为其最大ＨＰ的1⁄2或以下，威力翻倍。
brutalswing,Brutal Swing,No additional effect. Hits adjacent Pokemon.,狂舞挥打,攻击目标造成伤害。作用范围内的宝可梦，无论对手还是同伴，都会受到伤害。
bubble,Bubble,10% chance to lower the foe(s) Speed by 1.,泡沫,攻击目标造成伤害。10%几率令目标的速度降低1级。
bubblebeam,Bubble Beam,10% chance to lower the target's Speed by 1.,泡沫光线,攻击目标造成伤害。10%几率令目标的速度降低1级。
bugbite,Bug Bite,User steals and eats the target's Berry.,虫咬,窃取并吃掉目标身上的树果。
bugbuzz,Bug Buzz,10% chance to lower the target's Sp. Def by 1.,虫鸣,攻击目标造成伤害。10%几率令目标的特防降低1级。
bulkup,Bulk Up,Raises the user's Attack and Defense by 1.,健美,令使用者的攻击提升1级。令使用者的防御提升1级。
bulldoze,Bulldoze,100% chance lower adjacent Pkmn Speed by 1.,重踏,攻击目标造成伤害。100%几率令目标的速度降低1级。场地处于青草场地时威力下降50%。
bulletpunch,Bullet Punch,Usually goes first.,子弹拳,攻击目标造成伤害。必定能够先制攻击。
bulletseed,Bullet Seed,Hits 2-5 times in one turn.,种子机关枪,攻击目标造成伤害，一回合内连续攻击2～5次。
burningjealousy,Burning Jealousy,100% burns a target that had a stat rise this turn.,妒火,令该回合内能力变化曾提高过的宝可梦陷入灼伤状态。
burnup,Burn Up,User's Fire type becomes typeless; must be Fire.,燃尽,攻击目标造成伤害。使用后自身火属性变成无属性，其他属性的顺位不会改变，离场后恢复。
buzzybuzz,Buzzy Buzz,100% chance to paralyze the foe.,麻麻电击,攻击目标造成伤害。麻麻电击有100%的几率使目标陷入麻痹状态。
calmmind,Calm Mind,Raises the user's Sp. Atk and Sp. Def by 1.,冥想,令使用者的特攻提升1级。令使用者的特防提升1级。
camouflage,Camouflage,Changes user's type by terrain (default Normal).,保护色,根据地形或场地型状态改变自身的属性，场地型状态的效果覆盖地形的效果。(默认为一般)
captivate,Captivate,Lowers the foe(s) Sp. Atk by 2 if opposite gender.,诱惑,令目标的特攻降低2级。如果自身与目标相同性别，或一方为无性别，则招式失败。
catastropika,Catastropika,No additional effect.,皮卡皮卡必杀击,皮卡皮卡必杀击会造成伤害。攻击必定会命中。
celebrate,Celebrate,No competitive use.,庆祝,宝可梦为十分开心的玩家庆祝。没有任何效果的观赏招式。
charge,Charge,"+1 SpD, user's Electric move next turn 2x power.",充电,使自身进入充电状态持续1回合。电属性招式的威力加倍。同时还令使用者的特防提升1级。
chargebeam,Charge Beam,70% chance to raise the user's Sp. Atk by 1.,充电光束,攻击目标造成伤害。70%几率令使用者的特攻提升1级。
charm,Charm,Lowers the target's Attack by 2.,撒娇,令目标的攻击降低2级。
chatter,Chatter,100% chance to confuse the target.,喋喋不休,100%的几率使目标陷入混乱状态。
chipaway,Chip Away,Ignores the target's stat stage changes.,逐步击破,攻击目标造成伤害。并无视目标能力的变化。
circlethrow,Circle Throw,Forces the target to switch to a random ally.,巴投,强制目标替换宝可梦上场。
clamp,Clamp,Traps and damages the target for 4-5 turns.,贝壳夹击,攻击目标造成伤害。使目标陷入束缚状态。束缚状态持续4～5回合。
clangingscales,Clanging Scales,Lowers the user's Defense by 1.,鳞片噪音,攻击目标造成伤害。令使用者的防御降低1级。
clangoroussoul,Clangorous Soul,User loses 33% of its max HP. +1 to all stats.,魂舞烈音爆,使用者失去最大ＨＰ的1⁄3的ＨＰ。使用者的攻击、防御、特攻、特防和速度会各上升1级。
clangoroussoulblaze,Clangorous Soulblaze,Raises the user's Atk/Def/SpAtk/SpDef/Spe by 1.,炽魂热舞烈音爆,攻击目标造成伤害。令使用者的攻击、防御、特攻、特防和速度提升1级。
clearsmog,Clear Smog,Resets all of the target's stat stages to 0.,清除之烟,将对手所有的能力变化的等级回归为0级。
closecombat,Close Combat,Lowers the user's Defense and Sp. Def by 1.,近身战,攻击目标造成伤害。令使用者的防御降低1级。令使用者的特防降低1级。
coaching,Coaching,Raises an ally's Attack and Defense by 1.,指导,令除使用者外己方全场的攻击防御各提升1级。
coil,Coil,"Raises user's Attack, Defense, accuracy by 1.",盘蜷,令使用者的攻击、防御、命中率各提升1级。
cometpunch,Comet Punch,Hits 2-5 times in one turn.,连续拳,攻击目标造成伤害，一回合内连续攻击2～5次。
confide,Confide,Lowers the target's Sp. Atk by 1.,密语,令目标的特攻降低1级。
confuseray,Confuse Ray,Confuses the target.,奇异之光,使目标陷入混乱状态。
confusion,Confusion,10% chance to confuse the target.,念力,攻击目标造成伤害。有10%的几率使目标陷入混乱状态。
constrict,Constrict,10% chance to lower the target's Speed by 1.,缠绕,攻击目标造成伤害。10%几率令目标的速度降低1级。
continentalcrush,Continental Crush,Power is equal to the base move's Z-Power.,毁天灭地巨岩坠,通过Ｚ力量召唤大大的岩山，全力撞向对手。威力会根据原来的招式而改变。
conversion,Conversion,Changes user's type to match its first move.,纹理,改变自身属性为自己学会的第一个招式的属性。
conversion2,Conversion 2,Changes user's type to resist target's last move.,纹理２,自身的属性改变为上回合目标使用招式的属性对自身效果不理想或没有效果的属性。
copycat,Copycat,Uses the last move used in the battle.,仿效,使用场上宝可梦最后成功使用的招式。
coreenforcer,Core Enforcer,Nullifies the foe(s) Ability if the foe(s) move first.,核心惩罚者,使出后能够消除已经在该回合使出招式的对手的特性。
corkscrewcrash,Corkscrew Crash,Power is equal to the base move's Z-Power.,超绝螺旋连击,通过Ｚ力量进行高速旋转，全力撞上对手。威力会根据原来的招式而改变。
corrosivegas,Corrosive Gas,Removes adjacent Pokemon's held items.,腐蚀气体,如果目标持有可被拍落的携带物品，则目标在战斗结束前失去其携带物品。
cosmicpower,Cosmic Power,Raises the user's Defense and Sp. Def by 1.,宇宙力量,令使用者的防御、特防各提升1级。
cottonguard,Cotton Guard,Raises the user's Defense by 3.,棉花防守,令使用者的防御提升3级。
cottonspore,Cotton Spore,Lowers the target's Speed by 2.,棉孢子,令目标的速度降低2级。
counter,Counter,"If hit by physical attack, returns double damage.",双倍奉还,造成使用者上一次受到的物理伤害×2的固定伤害。
courtchange,Court Change,Swaps user's field effects with the opposing side.,换场,可交换招式使用方和对方的部分场地状态。
covet,Covet,"If the user has no item, it steals the target's.",渴望,如果攻击方没有或失去携带物品，则会在本次战斗中获得目标的携带物品。
crabhammer,Crabhammer,High critical hit ratio.,蟹钳锤,攻击目标造成伤害。击中要害率比普通招式高1级。
craftyshield,Crafty Shield,Protects allies from Status moves this turn.,戏法防守,使己方场地进入戏法防守状态，直到这回合结束之前，保护我方全场宝可梦不受到变化招式影响。
crosschop,Cross Chop,High critical hit ratio.,十字劈,攻击目标造成伤害。击中要害率比普通招式高1级。
crosspoison,Cross Poison,High critical hit ratio. 10% chance to poison.,十字毒刃,攻击目标造成伤害。击中要害率比正常高出1级，并10%的几率使目标陷入中毒状态。
crunch,Crunch,20% chance to lower the target's Defense by 1.,咬碎,攻击目标造成伤害。20%几率令目标的防御降低1级。
crushclaw,Crush Claw,50% chance to lower the target's Defense by 1.,撕裂爪,攻击目标造成伤害。50%几率令目标的防御降低1级。
crushgrip,Crush Grip,More power the more HP the target has left.,捏碎,对手的ＨＰ越多，威力越大。
curse,Curse,"Curses if Ghost, else -1 Spe, +1 Atk, +1 Def.",诅咒,自身带有幽灵属性时，使用者减少最大ＨＰ的1⁄2，使目标进入诅咒状态。自身ＨＰ不满最大ＨＰ的1⁄2时仍可使用，使用后自身陷入濒死状态。处于该状态的宝可梦每回合结束时损失最大ＨＰ的1⁄4，离场后状态消失。自身不带有幽灵属性时，令使用者的速度降低1级，攻击、防御提升1级。
cut,Cut,No additional effect.,居合斩,攻击目标造成伤害。
darkestlariat,Darkest Lariat,Ignores the target's stat stage changes.,ＤＤ金勾臂,攻击目标造成伤害。并无视目标能力的变化。
darkpulse,Dark Pulse,20% chance to flinch the target.,恶之波动,攻击目标造成伤害。有20%的几率使目标陷入畏缩状态。
darkvoid,Dark Void,Darkrai: Causes the foe(s) to fall asleep.,暗黑洞,使目标陷入睡眠状态。
dazzlinggleam,Dazzling Gleam,No additional effect. Hits adjacent foes.,魔法闪耀,攻击目标造成伤害。
decorate,Decorate,Raises the target's Attack and Sp. Atk by 2.,装饰,令目标的攻击、特攻各提升2级。
defendorder,Defend Order,Raises the user's Defense and Sp. Def by 1.,防御指令,令使用者的防御、特防各提升1级。
defensecurl,Defense Curl,Raises the user's Defense by 1.,变圆,令使用者的防御提升1级。
defog,Defog,-1 evasion; clears terrain and hazards on both sides.,清除浓雾,令目标的闪避率降低1级。清除场上的的反射壁或光墙等。
destinybond,Destiny Bond,"If an opponent knocks out the user, it also faints.",同命,使出招式后，当受到对手攻击陷入濒死时，对手也会一同濒死。连续使出则会失败。
detect,Detect,Prevents moves from affecting the user this turn.,看穿,完全抵挡对手的攻击。连续使出则容易失败。
devastatingdrake,Devastating Drake,Power is equal to the base move's Z-Power.,究极巨龙震天地,通过Ｚ力量将气场实体化，向对手全力发动袭击。威力会根据原来的招式而改变。
diamondstorm,Diamond Storm,50% chance to raise user's Def by 2 for each hit.,钻石风暴,攻击目标造成伤害。50%几率令使用者的防御提升2级。
dig,Dig,"Digs underground turn 1, strikes turn 2.",挖洞,第１回合钻入地底，第２回合攻击对手。
disable,Disable,"For 4 turns, disables the target's last move used.",定身法,阻碍对手行动，之前使出的招式将在４回合内无法使用。
disarmingvoice,Disarming Voice,This move does not check accuracy. Hits foes.,魅惑之声,攻击目标造成伤害。魅惑之声一定会命中，除非目标正在使用蓄力的招式并不在场地上。
discharge,Discharge,30% chance to paralyze adjacent Pokemon.,放电,攻击目标造成伤害。放电有30%的几率使目标陷入麻痹状态。
dive,Dive,"Dives underwater turn 1, strikes turn 2.",潜水,第１回合潜入，第２回合浮上来进行攻击。
dizzypunch,Dizzy Punch,20% chance to confuse the target.,迷昏拳,攻击目标造成伤害。迷昏拳有20%的几率使目标陷入混乱状态。
doomdesire,Doom Desire,Hits two turns after being used.,破灭之愿,使用招式２回合后，会用无数道光束攻击对手。
doubleedge,Double-Edge,Has 33% recoil.,舍身冲撞,攻击目标造成伤害。使用者承受对目标造成伤害的1⁄3的伤害。
doublehit,Double Hit,Hits 2 times in one turn.,二连击,攻击目标造成伤害，一回合内连续攻击2次。
doubleironbash,Double Iron Bash,Hits twice. 30% chance to flinch.,钢拳双击,连续攻击对手两次。钢拳双击有30%的几率使目标陷入畏缩状态。
doublekick,Double Kick,Hits 2 times in one turn.,二连踢,攻击目标造成伤害，一回合内连续攻击2次。
doubleslap,Double Slap,Hits 2-5 times in one turn.,连环巴掌,攻击目标造成伤害，一回合内连续攻击2～5次。
doubleteam,Double Team,Raises the user's evasiveness by 1.,影子分身,令使用者的闪避率提升1级。
dracometeor,Draco Meteor,Lowers the user's Sp. Atk by 2.,流星群,攻击目标造成伤害。令使用者的特攻降低2级。
dragonascent,Dragon Ascent,Lowers the user's Defense and Sp. Def by 1.,画龙点睛,攻击目标造成伤害。令使用者的防御、特防各降低1级。
dragonbreath,Dragon Breath,30% chance to paralyze the target.,龙息,攻击目标造成伤害。并有30%的几率使目标陷入麻痹状态。
dragonclaw,Dragon Claw,No additional effect.,龙爪,攻击目标造成伤害。
dragondance,Dragon Dance,Raises the user's Attack and Speed by 1.,龙之舞,令使用者的攻击、速度各提升1级。
dragondarts,Dragon Darts,Hits twice. Doubles: Tries to hit each foe once.,龙箭,进行２次攻击。如果对手有２只宝可梦，则对它们各进行１次攻击。
dragonenergy,Dragon Energy,Less power as user's HP decreases. Hits foe(s).,巨龙威能,攻击目标造成伤害。威力随自身剩余ＨＰ减少而减少。
dragonhammer,Dragon Hammer,No additional effect.,龙锤,攻击目标造成伤害。
dragonpulse,Dragon Pulse,No additional effect.,龙之波动,攻击目标造成伤害。
dragonrage,Dragon Rage,Deals 40 HP of damage to the target.,龙之怒,固定造成40点ＨＰ伤害。
dragonrush,Dragon Rush,20% chance to flinch the target.,龙之俯冲,攻击目标造成伤害。并有20%的几率使目标陷入畏缩状态。
dragontail,Dragon Tail,Forces the target to switch to a random ally.,龙尾,强制使队伍中下一只没有陷入濒死状态的宝可梦替换上场。
drainingkiss,Draining Kiss,User recovers 75% of the damage dealt.,吸取之吻,攻击目标造成伤害，自身的ＨＰ恢复造成的伤害的75%。
drainpunch,Drain Punch,User recovers 50% of the damage dealt.,吸取拳,攻击目标造成伤害，自身的ＨＰ恢复造成的伤害的50%。
dreameater,Dream Eater,User gains 1/2 HP inflicted. Sleeping target only.,食梦,攻击目标造成伤害，自身的ＨＰ恢复造成的伤害的50%。
drillpeck,Drill Peck,No additional effect.,啄钻,攻击目标造成伤害。
drillrun,Drill Run,High critical hit ratio.,直冲钻,攻击目标造成伤害。击中要害率比普通招式高1级。
drumbeating,Drum Beating,100% chance to lower the target's Speed by 1.,鼓击,攻击目标造成伤害。100%几率令目标的速度降低1级。
dualchop,Dual Chop,Hits 2 times in one turn.,二连劈,攻击目标造成伤害，一回合内连续攻击2次。
dualwingbeat,Dual Wingbeat,Hits 2 times in one turn.,双翼,攻击目标造成伤害，一回合内连续攻击2次。
dynamaxcannon,Dynamax Cannon,Damage doubles if the target is Dynamaxed.,极巨炮,从核心放出光束进行攻击。如果对手正处于极巨化状态，则造成的伤害会变为２倍。
dynamicpunch,Dynamic Punch,100% chance to confuse the target.,爆裂拳,使出浑身力气出拳进行攻击。必定会使对手混乱。
earthpower,Earth Power,10% chance to lower the target's Sp. Def by 1.,大地之力,向对手脚下释放出大地之力。10%降低对手的特防1级。
earthquake,Earthquake,Hits adjacent Pokemon. Double damage on Dig.,地震,利用地震的冲击，攻击自己周围所有的宝可梦。
echoedvoice,Echoed Voice,Power increases when used on consecutive turns.,回声,用回声攻击对手。如果每回合都有宝可梦接着使用该招式，威力就会提高。
eerieimpulse,Eerie Impulse,Lowers the target's Sp. Atk by 2.,怪异电波,从身体放射出怪异电波，让对手沐浴其中，100%的几率令目标特攻降低2级。
eeriespell,Eerie Spell,Removes 3 PP from the target's last move.,诡异咒语,用强大的精神力量攻击。让对手最后使用的招式减少3PP。
eggbomb,Egg Bomb,No additional effect.,炸蛋,向对手用力投掷大大的蛋进行攻击。
electricterrain,Electric Terrain,"5 turns. Grounded: +Electric power, can't sleep.",电气场地,在５回合内变成电气场地。地面上的宝可梦将无法睡眠。电属性的招式威力提升30%。
electrify,Electrify,Changes the target's move to Electric this turn.,输电,对手使出招式前，使目标进入输电状态，将目标接下来使用的招式变成电属性。
electroball,Electro Ball,More power the faster the user is than the target.,电球,用电气团撞向对手。自己比对手速度越快，威力越大。
electroweb,Electroweb,100% chance to lower the foe(s) Speed by 1.,电网,用电网捉住对手进行攻击。100%几率令目标的速度降低1级。
embargo,Embargo,"For 5 turns, the target's item has no effect.",查封,让对手在５回合内不能使用宝可梦携带的道具。训练家也不能给那只宝可梦使用道具。
ember,Ember,10% chance to burn the target.,火花,向对手发射小型火焰进行攻击。10%几率令对手陷入灼伤状态。
encore,Encore,Target repeats its last move for its next 3 turns.,再来一次,让对手接受再来一次，连续３次令目标使出目标最后使用的招式。
endeavor,Endeavor,Lowers the target's HP to the user's HP.,蛮干,给予伤害，使对手的ＨＰ变得和自己的ＨＰ一样。
endure,Endure,User survives attacks this turn with at least 1 HP.,挺住,即使受到攻击，也至少会留下１ＨＰ。连续使出则容易失败。
energyball,Energy Ball,10% chance to lower the target's Sp. Def by 1.,能量球,发射从自然收集的生命力量。10%的几率降低对手的特防1级。
entrainment,Entrainment,The target's Ability changes to match the user's.,找伙伴,用神奇的节奏跳舞。使对手模仿自己的动作，从而将特性变成一样。
eruption,Eruption,Less power as user's HP decreases. Hits foe(s).,喷火,爆发怒火攻击对手。自己的ＨＰ越少，招式的威力越小。
eternabeam,Eternabeam,User cannot move next turn.,无极光束,无极汰那变回原来的样子后，发动的最强攻击。下一回合自己将无法动弹。
expandingforce,Expanding Force,"User on Psychic Terrain: 1.5x power, hits foes.",广域战力,利用精神力量攻击对手。在精神场地上威力会提高50%，能对所有对手造成伤害。
explosion,Explosion,Hits adjacent Pokemon. The user faints.,大爆炸,引发大爆炸，攻击自己周围所有的宝可梦。使用后自己会陷入濒死。
extrasensory,Extrasensory,10% chance to flinch the target.,神通力,发出看不见的神奇力量进行攻击。10%几率令对手畏缩。
extremeevoboost,Extreme Evoboost,"Raises user's Atk, Def, SpA, SpD, and Spe by 2.",九彩升华齐聚顶,得到Ｚ力量的伊布将借助进化后伙伴们的力量，提升自身攻击、防御、特攻、特防、速度各2级。
extremespeed,Extreme Speed,Nearly always goes first.,神速,以迅雷不及掩耳之势猛撞向对手进行攻击。必定能够先制攻击。
facade,Facade,Power doubles if user is burn/poison/paralyzed.,硬撑,当自己处于中毒、麻痹、灼伤状态时，向对手使出此招式的话，威力会变成２倍。
fairylock,Fairy Lock,Prevents all Pokemon from switching next turn.,妖精之锁,通过封锁，下一回合幽灵系外所有的宝可梦都无法逃走。
fairywind,Fairy Wind,No additional effect.,妖精之风,刮起妖精之风，吹向对手进行攻击。
fakeout,Fake Out,Hits first. First turn out only. 100% flinch chance.,击掌奇袭,进行先制攻击，100%几率令对手畏缩。要在出场后立刻使出才能成功。
faketears,Fake Tears,Lowers the target's Sp. Def by 2.,假哭,装哭流泪。使对手不知所措，100%几率降低对手的特防2级。
falsesurrender,False Surrender,This move does not check accuracy.,假跪真撞,装作低头认错的样子，用凌乱的头发进行突刺。攻击必定会命中。
falseswipe,False Swipe,Always leaves the target with at least 1 HP.,点到为止,对手的ＨＰ至少会留下１ＨＰ，如此般手下留情地攻击。
featherdance,Feather Dance,Lowers the target's Attack by 2.,羽毛舞,撒出羽毛，笼罩在对手的周围。100%几率降低对手的攻击2级。
feint,Feint,"Nullifies Detect, Protect, and Quick/Wide Guard.",佯攻,能够攻击正在使用守住或看穿等招式的对手。解除其守护效果。
feintattack,Feint Attack,This move does not check accuracy.,出奇一击,悄悄地靠近对手，趁其不备进行殴打。攻击必定会命中。
fellstinger,Fell Stinger,Raises user's Attack by 3 if this KOes the target.,致命针刺,如果使用此招式击倒目标，攻击会提升3级。
fierydance,Fiery Dance,50% chance to raise the user's Sp. Atk by 1.,火之舞,让火焰覆盖全身，振翅攻击对手。50%几率提高自己的特攻1级。
fierywrath,Fiery Wrath,20% chance to flinch the foe(s).,怒火中烧,将愤怒转化为火焰般的气场进行攻击。20%几率使对手畏缩。
finalgambit,Final Gambit,Does damage equal to the user's HP. User faints.,搏命,拼命攻击对手。自身陷入濒死，给予对手和自己目前ＨＰ等量的伤害。
fireblast,Fire Blast,10% chance to burn the target.,大字爆炎,用大字形状的火焰烧尽对手。10%几率让对手陷入灼伤状态。
firefang,Fire Fang,10% chance to burn. 10% chance to flinch.,火焰牙,用覆盖着火焰的牙齿咬住对手。10%几率使对手畏缩或陷入灼伤状态。
firelash,Fire Lash,100% chance to lower the target's Defense by 1.,火焰鞭,用燃烧的鞭子抽打对手。100%几率降低对手防御1级。
firepledge,Fire Pledge,Use with Grass or Water Pledge for added effect.,火之誓约,用火柱进行攻击。如果与水之誓约或草之誓约混合使用，效果更佳。
firepunch,Fire Punch,10% chance to burn the target.,火焰拳,用充满火焰的拳头攻击对手。10%几率让对手陷入灼伤状态。
firespin,Fire Spin,Traps and damages the target for 4-5 turns.,火焰旋涡,将对手困在激烈的火焰旋涡中，100%几率使目标束缚４~５回合。
firstimpression,First Impression,Hits first. First turn out only.,迎头一击,威力很高的招式，但只有在出场战斗时，立刻使出才能成功。
fishiousrend,Fishious Rend,Power doubles if user moves before the target.,鳃咬,用坚硬的腮咬住对手。如果比对手先出手攻击，招式的威力会变成２倍。
fissure,Fissure,OHKOs the target. Fails if user is a lower level.,地裂,让对手掉落于地裂的裂缝中进行攻击。只要命中就会一击濒死。
flail,Flail,More power the less HP the user has left.,抓狂,抓狂般乱打进行攻击。自己的ＨＰ越少，招式的威力越大。
flameburst,Flame Burst,Damages Pokemon next to the target as well.,烈焰溅射,如果击中，爆裂的火焰会攻击到对手。爆裂出的火焰还会飞溅到旁边的对手。
flamecharge,Flame Charge,100% chance to raise the user's Speed by 1.,蓄能焰袭,让火焰覆盖全身，攻击对手。100%几率提高自己的速度1级。
flamewheel,Flame Wheel,10% chance to burn the target. Thaws user.,火焰轮,让火焰覆盖全身，猛撞向对手进行攻击。10%几率让对手陷入灼伤状态。
flamethrower,Flamethrower,10% chance to burn the target.,喷射火焰,向对手发射烈焰进行攻击。10%几率让对手陷入灼伤状态。
flareblitz,Flare Blitz,Has 33% recoil. 10% chance to burn. Thaws user.,闪焰冲锋,让火焰覆盖全身猛撞向对手。自己也会受到33%的伤害。有10%几率让对手陷入灼伤状态。
flash,Flash,Lowers the target's accuracy by 1.,闪光,使出耀眼光芒，100%几率降低对手的命中率1级。
flashcannon,Flash Cannon,10% chance to lower the target's Sp. Def by 1.,加农光炮,将身体的光芒聚集在一点释放出去。10%几率降低对手的特防1级。
flatter,Flatter,Raises the target's Sp. Atk by 1 and confuses it.,吹捧,吹捧对手，使其混乱。同时还会提高对手的特攻1级。
fleurcannon,Fleur Cannon,Lowers the user's Sp. Atk by 2.,花朵加农炮,放出强力光束后，自己的特攻会降低2级。
fling,Fling,Flings the user's item at the target. Power varies.,投掷,快速投掷携带的道具进行攻击。根据道具不同，威力和效果会改变。
flipturn,Flip Turn,User switches out after damaging the target.,快速折返,在攻击之后急速返回，和后备宝可梦进行替换。
floatyfall,Floaty Fall,30% chance to flinch the target.,飘飘坠落,轻飘飘地浮起来后，再猛地俯冲下去进行攻击。有30%几率会使对手畏缩。
floralhealing,Floral Healing,Heals the target by 50% of its max HP.,花疗,回复目标最大ＨＰ的一半。在青草场地时，回复目标2/3的HP。
flowershield,Flower Shield,Raises Defense by 1 of all active Grass types.,鲜花防守,使用神奇的力量提高在场的所有草属性宝可梦的防御提高1级。
fly,Fly,"Flies up on first turn, then strikes the next turn.",飞翔,第１回合飞上天空，第２回合攻击对手。
flyingpress,Flying Press,Combines Flying in its type effectiveness.,飞身重压,从空中俯冲向对手。此招式同时带有格斗属性和飞行属性。
focusblast,Focus Blast,10% chance to lower the target's Sp. Def by 1.,真气弹,提高气势，释放出全部力量。10%几率降低对手的特防1级。
focusenergy,Focus Energy,Raises the user's critical hit ratio by 2.,聚气,深深地吸口气，集中精神。使自身进入易中要害状态，处于易中要害状态的宝可梦击中要害概率提升2级。
focuspunch,Focus Punch,Fails if the user takes damage before it hits.,真气拳,集中精神出拳。在招式使出前若受到攻击则会失败。
followme,Follow Me,The foes' moves target the user on the turn used.,看我嘛,引起对手的注意，将对手的攻击全部转移到自己身上。
forcepalm,Force Palm,30% chance to paralyze the target.,发劲,向对手的身体发出冲击波进行攻击。30%几率会让对手陷入麻痹状态。
foresight,Foresight,"Fighting, Normal hit Ghost. Evasiveness ignored.",识破,对幽灵属性宝可梦没有效果的招式以及闪避率高的对手，使用后变得能够打中。
forestscurse,Forest's Curse,Adds Grass to the target's type(s).,森林诅咒,向对手施加森林诅咒。中了诅咒的对手会被追加草属性。
foulplay,Foul Play,Uses target's Attack stat in damage calculation.,欺诈,利用对手的力量进行攻击。正和自己战斗的对手，其攻击越高，伤害越大。
freezedry,Freeze-Dry,10% chance to freeze. Super effective on Water.,冷冻干燥,急剧冷冻对手，有10%几率让对手陷入冰冻状态。对于水属性宝可梦造成效果绝佳。
freezeshock,Freeze Shock,Charges turn 1. Hits turn 2. 30% paralyze.,冰冻伏特,用覆盖着电流的冰块，在第２回合撞向对手。有30%几率让对手陷入麻痹状态。
freezingglare,Freezing Glare,10% chance to freeze the target.,冰冷视线,从双眼发射精神力量进行攻击。10%几率让对手陷入冰冻状态。
freezyfrost,Freezy Frost,Eliminates all stat changes.,冰冰霜冻,利用冰冷的黑雾结晶进行攻击。使全体宝可梦的能力变回原点。
frenzyplant,Frenzy Plant,User cannot move next turn.,疯狂植物,用大树摔打对手进行攻击。下一回合自己将无法动弹。
frostbreath,Frost Breath,Always results in a critical hit.,冰息,将冰冷的气息吹向对手进行攻击。必定会击中要害。
frustration,Frustration,Max 102 power at minimum Happiness.,迁怒,为了发泄不满而全力攻击对手。亲密度越低，威力越大。
furyattack,Fury Attack,Hits 2-5 times in one turn.,乱击,用角或喙刺向对手进行攻击。连续攻击２～５次。
furycutter,Fury Cutter,"Power doubles with each hit, up to 160.",连斩,用镰刀或爪子等切斩对手进行攻击。连续击中，威力就会提高。
furyswipes,Fury Swipes,Hits 2-5 times in one turn.,乱抓,用爪子或镰刀等抓对手进行攻击。连续攻击２～５次。
fusionbolt,Fusion Bolt,Power doubles if used after Fusion Flare this turn.,交错闪电,释放出巨大的闪电。受到巨大的火焰影响时，招式威力翻倍。
fusionflare,Fusion Flare,Power doubles if used after Fusion Bolt this turn.,交错火焰,释放出巨大的火焰。受到巨大的闪电影响时，招式威力会提高。
futuresight,Future Sight,Hits two turns after being used.,预知未来,在使用招式２回合后，向对手发送一团念力进行攻击。
gastroacid,Gastro Acid,Nullifies the target's Ability.,胃液,将胃液吐向对手的身体。沾上的胃液会消除对手的特性效果。
geargrind,Gear Grind,Hits 2 times in one turn.,齿轮飞盘,向对手投掷钢铁齿轮进行攻击。连续２次给予伤害。
gearup,Gear Up,"Raises Atk, Sp. Atk of allies with Plus/Minus by 1.",辅助齿轮,启动齿轮，令己方提高特性为正电和负电的宝可梦的攻击和特攻各1级。
genesissupernova,Genesis Supernova,Summons Psychic Terrain.,起源超新星大爆炸,得到Ｚ力量的梦幻将全力攻击对手。脚下会变成精神场地。
geomancy,Geomancy,"Charges, then raises SpA, SpD, Spe by 2 turn 2.",大地掌控,第１回合吸收能量，第２回合提高特攻、特防和速度各2级。
gigadrain,Giga Drain,User recovers 50% of the damage dealt.,终极吸取,吸取对手的养分进行攻击。可以回复对手所受伤害的一半ＨＰ。
gigaimpact,Giga Impact,User cannot move next turn.,终极冲击,使出自己浑身力量突击对手。下一回合自己将无法动弹。
gigavolthavoc,Gigavolt Havoc,Power is equal to the base move's Z-Power.,终极伏特狂雷闪,通过Ｚ力量将蓄积的强大电流全力撞向对手。威力会根据原来的招式而改变。
glaciallance,Glacial Lance,No additional effect. Hits adjacent foes.,雪矛,向对手投掷掀起暴风雪的冰矛进行攻击。
glaciate,Glaciate,100% chance to lower the foe(s) Speed by 1.,冰封世界,将冰冻的冷气吹向对手进行攻击。100%几率降低对手的速度1级。
glare,Glare,Paralyzes the target.,大蛇瞪眼,用腹部的花纹使对手害怕，从而让其陷入麻痹状态。
glitzyglow,Glitzy Glow,Summons Light Screen.,哗哗气场,利用念力强攻，粉碎对方信心。制造一道能减弱对手特殊攻击的神奇墙壁。
gmaxbefuddle,G-Max Befuddle,Base move affects power. Foes: slp or psn or par.,超极巨蝶影蛊惑,超极巨化的巴大蝶使出的虫属性攻击。会让对手陷入中毒、麻痹或睡眠状态中的一种。
gmaxcannonade,G-Max Cannonade,"Base move affects power. Foes: -1/6 HP, 4 turns.",超极巨水炮轰灭,超极巨化的水箭龟使出的水属性攻击。在４回合内每回合给予对手损失最大HP1/6的伤害。
gmaxcentiferno,G-Max Centiferno,Base move affects power. Foes: bound 4-5 turns.,超极巨百火焚野,超极巨化的焚焰蚣使出的火属性攻击。可在４～５回合内将对手困在火焰中。
gmaxchistrike,G-Max Chi Strike,Base move affects power. Allies: Crit Ratio +1.,超极巨会心一击,超极巨化的怪力使出的格斗属性攻击。自身击中要害等级提升1级。
gmaxcuddle,G-Max Cuddle,Base move affects power. Foes: infatuated.,超极巨热情拥抱,超极巨化的伊布使出的一般属性攻击。会让性别相对的对手陷入着迷状态。
gmaxdepletion,G-Max Depletion,Base move affects power. Foes: last move -2 PP.,超极巨劣化衰变,超极巨化的铝钢龙使出的龙属性攻击。对手最后使用的招式的ＰＰ减2。
gmaxdrumsolo,G-Max Drum Solo,Stronger than other Max Moves. Ignores abilities.,超极巨狂擂乱打,超极巨化的轰擂金刚猩使出的草属性攻击。不会受到对手特性的干扰。
gmaxfinale,G-Max Finale,Base move affects power. Allies: +1/6 max HP.,超极巨幸福圆满,超极巨化的霜奶仙使出的妖精属性攻击。可回复我方的所有宝可梦当前最大1/6的ＨＰ。
gmaxfireball,G-Max Fireball,Stronger than other Max Moves. Ignores abilities.,超极巨破阵火球,超极巨化的闪焰王牌使出的火属性攻击。不会受到对手特性的干扰。
gmaxfoamburst,G-Max Foam Burst,Base move affects power. Foes: -2 Speed.,超极巨激漩泡涡,超极巨化的巨钳蟹使出的水属性攻击。100%几率令对手全部宝可梦速度降低2级。
gmaxgoldrush,G-Max Gold Rush,Base move affects power. Foes: confused.,超极巨特大金币,超极巨化的喵喵使出的一般属性攻击。会让对手全员陷入混乱状态，并可获得金钱。
gmaxgravitas,G-Max Gravitas,Base move affects power. Starts Gravity.,超极巨天道七星,超极巨化的以欧路普使出的超能力属性攻击。在５回合内重力会产生变化，包括使用技能的本回合。
gmaxhydrosnipe,G-Max Hydrosnipe,Stronger than other Max Moves. Ignores abilities.,超极巨狙击神射,超极巨化的千面避役使出的水属性攻击。不会受到对手特性的干扰。
gmaxmalodor,G-Max Malodor,Base move affects power. Foes: poisoned.,超极巨臭气冲天,超极巨化的灰尘山使出的毒属性攻击。会让对手陷入中毒状态。
gmaxmeltdown,G-Max Meltdown,Base move affects power. Foes: Tormented.,超极巨液金熔击,超极巨化的美录梅塔使出的钢属性攻击。会让对手所有宝可梦2回合无法连续使出相同的招式。
gmaxoneblow,G-Max One Blow,Base move affects power. Breaks all protection.,超极巨夺命一击,超极巨化的武道熊师使出的恶属性攻击。是可以无视极巨防壁的一击。
gmaxrapidflow,G-Max Rapid Flow,Base move affects power. Breaks all protection.,超极巨流水连击,超极巨化的武道熊师使出的水属性攻击。是可以无视极巨防壁的连击。
gmaxreplenish,G-Max Replenish,Base move affects power. 50% restores Berries.,超极巨资源再生,超极巨化的卡比兽使出的一般属性攻击。50%的几率获得已经使用过的树果。
gmaxresonance,G-Max Resonance,Base move affects power. Allies: Aurora Veil.,超极巨极光旋律,超极巨化的拉普拉斯使出的冰属性攻击。可在５回合内受到的伤害减半。场上存在其他己方宝可梦则只降低1/3
gmaxsandblast,G-Max Sandblast,Base move affects power. Foes: bound 4-5 turns.,超极巨沙尘漫天,超极巨化的沙螺蟒使出的地面属性攻击。使目标陷入束缚状态持续４～５回合。
gmaxsmite,G-Max Smite,Base move affects power. Foes: confused.,超极巨天谴雷诛,超极巨化的布莉姆温使出的妖精属性攻击。会让对手陷入混乱状态。
gmaxsnooze,G-Max Snooze,Base move affects power. Target: 50% Yawn.,超极巨睡魔降临,超极巨化的长毛巨魔使出的恶属性攻击。有50%概率会通过打大哈欠让目标陷入瞌睡状态。
gmaxsteelsurge,G-Max Steelsurge,Base move affects power. Foes: Steel hazard.,超极巨钢铁阵法,超极巨化的大王铜象使出的钢属性攻击。向对手场地撒下尖锐的刺，使交换上场的宝可梦受到满HP1/8的伤害。
gmaxstonesurge,G-Max Stonesurge,Base move affects power. Foes: Stealth Rock.,超极巨岩阵以待,超极巨化的暴噬龟使出的水属性攻击。向对手场地撒下尖锐的岩石，使交换上场的宝可梦受到满HP1/8的伤害。
gmaxstunshock,G-Max Stun Shock,Base move affects power. Foes: psn or par.,超极巨异毒电场,超极巨化的颤弦蝾螈使出的电属性攻击。会让对手陷入中毒或麻痹状态。
gmaxsweetness,G-Max Sweetness,Base move affects power. Allies: status cured.,超极巨琼浆玉液,超极巨化的丰蜜龙使出的草属性攻击。会治愈我方的异常状态。
gmaxtartness,G-Max Tartness,Base move affects power. Foes: -1 evasiveness.,超极巨酸不溜丢,超极巨化的苹裹龙使出的草属性攻击。会降低对手的闪避率。
gmaxterror,G-Max Terror,Base move affects power. Foes: trapped.,超极巨幻影幽魂,超极巨化的耿鬼使出的幽灵属性攻击。会踩住对手的影子，让其无法被替换。
gmaxvinelash,G-Max Vine Lash,"Base move affects power. Foes: -1/6 HP, 4 turns.",超极巨灰飞鞭灭,超极巨化的妙蛙花使出的草属性攻击。会在回合结束对草属性以外的宝可梦损失最大HP的1/6，持续4回合。
gmaxvolcalith,G-Max Volcalith,"Base move affects power. Foes: -1/6 HP, 4 turns.",超极巨炎石喷发,超极巨化的巨炭山使出的岩石属性攻击。会在回合结束对岩石属性以外的宝可梦损失最大HP的1/6，持续4回合。
gmaxvoltcrash,G-Max Volt Crash,Base move affects power. Foes: paralyzed.,超极巨万雷轰顶,超极巨化的皮卡丘使出的电属性攻击。会让对手所有宝可梦陷入麻痹状态。
gmaxwildfire,G-Max Wildfire,"Base move affects power. Foes: -1/6 HP, 4 turns.",超极巨地狱灭焰,超极巨化的喷火龙使出的火属性攻击。会在回合结束对火属性以外的宝可梦损失最大HP的1/6，持续4回合。
gmaxwindrage,G-Max Wind Rage,"Base move affects power. Ends Terrain, hazards.",超极巨旋风袭卷,超极巨化的钢铠鸦使出的飞行属性攻击。可消除反射壁、光墙、撒菱和场地型状态等的效果。
grassknot,Grass Knot,More power the heavier the target.,打草结,用草缠住并绊倒对手。对手越重，威力越大。
grasspledge,Grass Pledge,Use with Fire or Water Pledge for added effect.,草之誓约,用草柱进行攻击。和火之誓约或水之誓约混合使用，效果更佳。
grasswhistle,Grass Whistle,Causes the target to fall asleep.,草笛,让对手听舒适的笛声，从而陷入睡眠状态。
grassyglide,Grassy Glide,User on Grassy Terrain: +1 priority.,青草滑梯,仿佛在地面上滑行般地攻击对手。在地面上的宝可梦，必定能够先制攻击。
grassyterrain,Grassy Terrain,"5 turns. Grounded: +Grass power, +1/16 max HP.",青草场地,在５回合内变成青草场地。地面上的宝可梦每回合都能回复少许HP。草属性的招式威力还会提高30%。
gravapple,Grav Apple,Target: 100% -1 Def. During Gravity: 1.5x power.,万有引力,从高处落下苹果，给予对手伤害。100%几率降低对手防御1级。处于重力状态威力提升50%。
gravity,Gravity,"5 turns: no Ground immunities, 1.67x accuracy.",重力,在５回合内，飘浮特性和飞行属性的宝可梦会被地面属性的招式击中。飞向空中的招式也将无法使用。
growl,Growl,Lowers the foe(s) Attack by 1.,叫声,让对手听可爱的叫声，引开注意力使其疏忽，降低目标攻击1级。
growth,Growth,Raises user's Attack and Sp. Atk by 1; 2 in Sun.,生长,让身体一下子长大，100%几率提高自身攻击和特攻各1级。
grudge,Grudge,"If the user faints, the attack used loses all its PP.",怨念,因对手的招式而陷入濒死时给对手施加怨念，让该招式的ＰＰ变成０。
guardianofalola,Guardian of Alola,Does damage equal to 3/4 target's current HP.,巨人卫士·阿罗拉,通过Ｚ力量得到阿罗拉之力的土地神宝可梦将全力进行攻击。给予对手剩余3/4HP的伤害。攻击必定会命中。对手使用防住类招式则造成对手剩余3/16HP的伤害。
guardsplit,Guard Split,Averages Defense and Sp. Def stats with target.,防守平分,利用超能力将自己和对手的防御和特防相加，再进行平分。
guardswap,Guard Swap,Swaps Defense and Sp. Def changes with target.,防守互换,利用超能力互换自己和对手的防御以及特防的能力变化。
guillotine,Guillotine,OHKOs the target. Fails if user is a lower level.,断头钳,用大钳子或剪刀等夹断对手进行攻击。只要命中就会一击濒死。
gunkshot,Gunk Shot,30% chance to poison the target.,垃圾射击,用肮脏的垃圾撞向对手进行攻击。30%几率让对手陷入中毒状态。
gust,Gust,"Power doubles during Bounce, Fly, and Sky Drop.",起风,用翅膀将刮起的狂风袭向对手进行攻击，目标处于飞翔状态威力翻倍。可击中飞翔状态宝可梦。
gyroball,Gyro Ball,More power the slower the user than the target.,陀螺球,让身体高速旋转并撞击对手。速度比对手越慢，威力越大。
hail,Hail,"For 5 turns, hail crashes down.",冰雹,在５回合内一直降冰雹，除冰属性的宝可梦以外，给予全体宝可梦伤害。
hammerarm,Hammer Arm,Lowers the user's Speed by 1.,臂锤,挥舞强力而沉重的拳头，给予对手伤害。令使用者的速度降低1级。
happyhour,Happy Hour,No competitive use.,欢乐时光,如果使用欢乐时光，战斗后得到的钱会翻倍。
harden,Harden,Raises the user's Defense by 1.,变硬,全身使劲，让身体变硬，提高使用者的防御1级。
haze,Haze,Eliminates all stat changes.,黑雾,升起黑雾，将正在场上战斗的全体宝可梦的能力变回原点。
headbutt,Headbutt,30% chance to flinch the target.,头锤,将头伸出，笔直地扑向对手进行攻击。30%几率使对手畏缩。
headcharge,Head Charge,Has 1/4 recoil.,爆炸头突击,用厉害的爆炸头猛撞向对手进行攻击。自己也会受到造成伤害的25%的伤害。
headsmash,Head Smash,Has 1/2 recoil.,双刃头锤,拼命使出浑身力气，向对手进行头锤攻击。自己也会受到造成伤害的50%的伤害。
healbell,Heal Bell,Cures the user's party of all status conditions.,治愈铃声,让同伴听舒适的铃音，从而治愈我方全员的异常状态。
healblock,Heal Block,"For 5 turns, the foe(s) is prevented from healing.",回复封锁,在５回合内无法通过招式、特性或携带的道具来回复ＨＰ。
healingwish,Healing Wish,User faints. Next hurt Pokemon is fully healed.,治愈之愿,虽然自己陷入濒死，但可以治愈后备上场的宝可梦的异常状态以及所有ＨＰ。
healorder,Heal Order,Heals the user by 50% of its max HP.,回复指令,召唤手下疗伤。回复自己最大ＨＰ的一半。
healpulse,Heal Pulse,Heals the target by 50% of its max HP.,治愈波动,放出治愈波动，从而回复对手最大ＨＰ的一半。
heartstamp,Heart Stamp,30% chance to flinch the target.,爱心印章,以可爱的动作使对手疏忽，乘机给出强烈的一击。30%几率使对手畏缩。
heartswap,Heart Swap,Swaps all stat changes with target.,心灵互换,利用超能力互换自己和对手之间的能力变化。
heatcrash,Heat Crash,More power the heavier the user than the target.,高温重压,用燃烧的身体撞向对手进行攻击。自己比对手越重，威力越大
heatwave,Heat Wave,10% chance to burn the foe(s).,热风,将炎热的气息吹向对手进行攻击。10%几率让对手陷入灼伤状态。
heavyslam,Heavy Slam,More power the heavier the user than the target.,重磅冲击,用沉重的身体撞向对手进行攻击。自己比对手越重，威力越大。
helpinghand,Helping Hand,One adjacent ally's move power is 1.5x this turn.,帮助,帮助伙伴。被帮助的宝可梦，其招式威力在本回合结束前提升50%。
hex,Hex,Power doubles if the target has a status ailment.,祸不单行,接二连三地进行攻击。攻击处于异常状态的对手威力翻倍。
hiddenpower,Hidden Power,,觉醒力量,招式的属性会随着使用此招式的宝可梦而改变。
highhorsepower,High Horsepower,No additional effect.,十万马力,使出全身力量，猛攻对手。
highjumpkick,High Jump Kick,User is hurt by 50% of its max HP if it misses.,飞膝踢,跳起后用膝盖撞对手进行攻击。若没有命中自身损失最大HP一半HP。
holdback,Hold Back,Always leaves the target with at least 1 HP.,手下留情,在攻击的时候手下留情，从而使对手的ＨＰ至少会留下１ＨＰ。
holdhands,Hold Hands,No competitive use.,牵手,我方宝可梦之间牵手。能带来非常幸福的心情。
honeclaws,Hone Claws,Raises the user's Attack and accuracy by 1.,磨爪,将爪子磨得更加锋利。提高自己的攻击和命中率各1级。
hornattack,Horn Attack,No additional effect.,角撞,用尖锐的角攻击对手。
horndrill,Horn Drill,OHKOs the target. Fails if user is a lower level.,角钻,用旋转的角刺入对手进行攻击。只要命中就会一击濒死。
hornleech,Horn Leech,User recovers 50% of the damage dealt.,木角,将角刺入，吸取对手的养分。可以回复给予对手伤害的一半ＨＰ。
howl,Howl,Raises the user's and ally's Attack by 1.,长嚎,大声吼叫提高气势，从而提高自己的攻击1级。
hurricane,Hurricane,30% chance to confuse target. Can't miss in rain.,暴风,用强烈的风席卷对手进行攻击。30%几率使对手混乱。
hydrocannon,Hydro Cannon,User cannot move next turn.,加农水炮,向对手喷射水炮进行攻击。下一回合自己将无法动弹。
hydropump,Hydro Pump,No additional effect.,水炮,向对手猛烈地喷射大量水流进行攻击。
hydrovortex,Hydro Vortex,Power is equal to the base move's Z-Power.,超级水流大漩涡,通过Ｚ力量制造大大的潮旋，全力吞没对手。威力会根据原来的招式而改变。
hyperbeam,Hyper Beam,User cannot move next turn.,破坏光线,向对手发射强烈的光线进行攻击。下一回合自己将无法动弹。
hyperfang,Hyper Fang,10% chance to flinch the target.,必杀门牙,用锋利的门牙牢牢地咬住对手进行攻击。20%几率使对手畏缩。
hyperspacefury,Hyperspace Fury,Hoopa-U: Lowers user's Def by 1; breaks protect.,异次元猛攻,用许多手臂，无视对手的守住或看穿等招式进行连续攻击，使用者防御会降低1级。
hyperspacehole,Hyperspace Hole,Breaks the target's protection for this turn.,异次元洞,通过异次元洞，突然出现在对手的侧面进行攻击。还可以无视守住和看穿等招式。
hypervoice,Hyper Voice,No additional effect. Hits adjacent foes.,巨声,给予对手又吵又响的巨大震动进行攻击。
hypnosis,Hypnosis,Causes the target to fall asleep.,催眠术,施以诱导睡意的暗示，让对手陷入睡眠状态。
iceball,Ice Ball,Power doubles with each hit. Repeats for 5 turns.,冰球,在５回合内强制攻击对手。招式每次击中，威力就会提高。
icebeam,Ice Beam,10% chance to freeze the target.,冰冻光束,向对手发射冰冻光束进行攻击。10%几率让对手陷入冰冻状态。
iceburn,Ice Burn,Charges turn 1. Hits turn 2. 30% burn.,极寒冷焰,用能够冻结一切的强烈冷气，在第２回合包裹住对手。30%几率让对手陷入灼伤状态。
icefang,Ice Fang,10% chance to freeze. 10% chance to flinch.,冰冻牙,用藏有冷气的牙齿咬住对手。10%几率使对手畏缩或陷入冰冻状态。
icehammer,Ice Hammer,Lowers the user's Speed by 1.,冰锤,挥舞强力而沉重的拳头，给予对手伤害。令使用者的速度降低1级。
icepunch,Ice Punch,10% chance to freeze the target.,冰冻拳,用充满寒气的拳头攻击对手。10%几率让对手陷入冰冻状态。
iceshard,Ice Shard,Usually goes first.,冰砾,瞬间制作冰块，快速地扔向对手。必定能够先制攻击。
iciclecrash,Icicle Crash,30% chance to flinch the target.,冰柱坠击,用大冰柱激烈地撞向对手进行攻击。30%几率使对手畏缩。
iciclespear,Icicle Spear,Hits 2-5 times in one turn.,冰锥,向对手发射锋利的冰柱进行攻击。连续攻击２～５次。
icywind,Icy Wind,100% chance to lower the foe(s) Speed by 1.,冰冻之风,将结冰的冷气吹向对手进行攻击。100%几率降低目标的速度1级。
imprison,Imprison,No foe can use any move known by the user.,封印,如果对手有和自己相同的招式，那么只有对手无法使用该招式。
incinerate,Incinerate,Destroys the foe(s) Berry/Gem.,烧尽,用火焰攻击对手。对手携带树果或宝石时，会烧掉，使其不能使用。
inferno,Inferno,100% chance to burn the target.,炼狱,用烈焰包裹住对手进行攻击。100%几率让对手陷入灼伤状态。
infernooverdrive,Inferno Overdrive,Power is equal to the base move's Z-Power.,超强极限爆焰弹,通过Ｚ力量喷出熊熊烈火，全力撞向对手。威力会根据原来的招式而改变。
infestation,Infestation,Traps and damages the target for 4-5 turns.,死缠烂打,在４～５回合内死缠烂打地进行攻击。在此期间对手将无法逃走。
ingrain,Ingrain,Traps/grounds user; heals 1/16 max HP per turn.,扎根,在大地上扎根，每回合回复自己满HP的1/16ＨＰ。因为扎根了，所以不能替换宝可梦。
instruct,Instruct,The target immediately uses its last used move.,号令,向对手下达指示，让其再次使出刚才的招式。
iondeluge,Ion Deluge,Normal moves become Electric type this turn.,等离子浴,将带电粒子扩散开来，使一般属性的招式变成电属性。
irondefense,Iron Defense,Raises the user's Defense by 2.,铁壁,将皮肤变得坚硬如铁，从而提高自己的防御2级。
ironhead,Iron Head,30% chance to flinch the target.,铁头,用钢铁般坚硬的头部进行攻击。30%几率使对手畏缩。
irontail,Iron Tail,30% chance to lower the target's Defense by 1.,铁尾,使用坚硬的尾巴摔打对手进行攻击。30%几率降低对手的防御1级。
jawlock,Jaw Lock,Prevents both user and target from switching out.,紧咬不放,使双方直到一方濒死为止无法替换宝可梦。其中一方退场则可以解除效果。
judgment,Judgment,Type varies based on the held Plate.,制裁光砾,向对手放出无数的光弹。属性会根据自己携带的石板不同而改变。
jumpkick,Jump Kick,User is hurt by 50% of its max HP if it misses.,飞踢,使出高高的腾空踢攻击对手。若没有命中自身损失最大HP的一半HP。
junglehealing,Jungle Healing,"User and allies: healed 1/4 max HP, status cured.",丛林治疗,与丛林融为一体，回复自己和场上同伴的1/4ＨＰ并治愈所有异常状态。
karatechop,Karate Chop,High critical hit ratio.,空手劈,用锋利的手刀劈向对手进行攻击。容易击中要害。
kinesis,Kinesis,Lowers the target's accuracy by 1.,折弯汤匙,折弯汤匙引开注意，从而降低对手的命中率1级。
kingsshield,King's Shield,Protects from damaging attacks. Contact: -1 Atk.,王者盾牌,防住对手攻击的同时，自己变为防御姿态。降低所接触到的对手的攻击。
knockoff,Knock Off,1.5x damage if foe holds an item. Removes item.,拍落,拍落对手的持有物，直到战斗结束都不能使用。对手携带道具时伤害提升50%。
landswrath,Land's Wrath,No additional effect. Hits adjacent foes.,大地之力,聚集大地的力量，将此力量集中攻击对手，并给予伤害。
laserfocus,Laser Focus,"Until the end of the next turn, user's moves crit.",磨砺,集中精神，下次攻击必定会击中要害。
lashout,Lash Out,2x power if the user had a stat lowered this turn.,泄愤,攻击对手以发泄对其感到的恼怒情绪。如果在该回合内自身能力遭到降低，招式的威力会变成２倍。
lastresort,Last Resort,Fails unless each known move has been used.,珍藏,当战斗中已学会的招式全部使用过后，才能开始使出珍藏的招式。
lavaplume,Lava Plume,30% chance to burn adjacent Pokemon.,喷烟,用熊熊烈火攻击自己周围所有的宝可梦。30%几率使目标会陷入灼伤状态。
leafage,Leafage,No additional effect.,树叶,将叶片打向对手，进行攻击。
leafblade,Leaf Blade,High critical hit ratio.,叶刃,像用剑一般操纵叶片切斩对手进行攻击。容易击中要害。
leafstorm,Leaf Storm,Lowers the user's Sp. Atk by 2.,飞叶风暴,用尖尖的叶片向对手卷起风暴。使用之后因为反作用力会使自己的特攻降低2级。
leaftornado,Leaf Tornado,50% chance to lower the target's accuracy by 1.,青草搅拌器,用锋利的叶片包裹住对手进行攻击。50%几率降低对手的命中率1级。
leechlife,Leech Life,User recovers 50% of the damage dealt.,吸血,吸取血液攻击对手。可以回复给予对手伤害的一半ＨＰ。
leechseed,Leech Seed,1/8 of target's HP is restored to user every turn.,寄生种子,植入寄生种子后，将在每回合一点一点吸取对手最大HP1/8的ＨＰ，从而用来回复自己的ＨＰ。
leer,Leer,Lowers the foe(s) Defense by 1.,瞪眼,用犀利的眼神使其害怕，从而降低对手的防御1级。
letssnuggleforever,Let's Snuggle Forever,No additional effect.,亲密无间大乱揍,得到Ｚ力量的谜拟Ｑ将全力进行乱揍攻击。
lick,Lick,30% chance to paralyze the target.,舌舔,用长长的舌头，舔遍对手进行攻击。30%几率让对手陷入麻痹状态。
lifedew,Life Dew,Heals the user and its allies by 1/4 their max HP.,生命水滴,喷洒出神奇的水，回复自己和场上同伴1/4的ＨＰ。
lightofruin,Light of Ruin,Has 1/2 recoil.,破灭之光,借用永恒之花的力量，发射出强力光线。自己也会受到造成伤害的一半的伤害。
lightscreen,Light Screen,"For 5 turns, special damage to allies is halved.",光墙,在５回合内使用神奇的墙，从对手那受到的特殊攻击的伤害减半。
lightthatburnsthesky,Light That Burns the Sky,Physical if user's Atk > Sp. Atk. Ignores Abilities.,焚天灭世炽光爆,奈克洛兹玛会无视对手的特性效果，在攻击和特攻之间，用数值相对较高的一项给予对方伤害。
liquidation,Liquidation,20% chance to lower the target's Defense by 1.,水流裂破,用水之力量撞向对手进行攻击。20%几率降低对手的防御1级。
lockon,Lock-On,User's next move will not miss the target.,锁定,紧紧瞄准对手，下次攻击必定会打中。
lovelykiss,Lovely Kiss,Causes the target to fall asleep.,恶魔之吻,用恐怖的脸强吻对手。让对手陷入睡眠状态。
lowkick,Low Kick,More power the heavier the target.,踢倒,用力踢对手的脚，使其摔倒进行攻击。对手越重，威力越大。
lowsweep,Low Sweep,100% chance to lower the target's Speed by 1.,下盘踢,以敏捷的动作瞄准对手的脚进行攻击。100%几率降低对手的速度1级。
luckychant,Lucky Chant,"For 5 turns, shields user's party from critical hits.",幸运咒语,向天许愿，从而在５回合内不会被对手的攻击打中要害。
lunardance,Lunar Dance,"User faints. Replacement is fully healed, with PP.",新月舞,虽然自己陷入濒死，但可以治愈后备上场的宝可梦的全部HP和异常状态。
lunge,Lunge,100% chance to lower the target's Attack by 1.,猛扑,全力猛扑对手进行攻击。100%几率降低对手的攻击1级。
lusterpurge,Luster Purge,50% chance to lower the target's Sp. Def by 1.,洁净光芒,释放耀眼的光芒进行攻击。50%几率降低对手的特防1级。
machpunch,Mach Punch,Usually goes first.,音速拳,以迅雷不及掩耳之势出拳。必定能够先制攻击。
magicalleaf,Magical Leaf,This move does not check accuracy.,魔法叶,散落可以追踪对手的神奇叶片。攻击必定会命中。
magiccoat,Magic Coat,Bounces back certain non-damaging moves.,魔法反射,当对手使出会变成异常状态的招式或寄生种子等时，会将对手的招式反射回去。
magicpowder,Magic Powder,Changes the target's type to Psychic.,魔法粉,向对手喷洒魔法粉，使对手变为超能力属性。
magicroom,Magic Room,"For 5 turns, all held items have no effect.",魔法空间,制造出离奇的空间。在５回合内所有宝可梦携带道具的效果都会消失。
magmastorm,Magma Storm,Traps and damages the target for 4-5 turns.,熔岩风暴,将对手困在熊熊燃烧的火焰中，在４～５回合内进行攻击。
magnetbomb,Magnet Bomb,This move does not check accuracy.,磁铁炸弹,发射吸住对手的钢铁炸弹。攻击必定会命中。
magneticflux,Magnetic Flux,"Raises Def, Sp. Def of allies with Plus/Minus by 1.",磁场操控,通过操控磁场，100%几率提高己方所有特性为正电和负电的宝可梦的防御和特防各1级。
magnetrise,Magnet Rise,"For 5 turns, the user has immunity to Ground.",电磁漂浮,利用电气产生的磁力浮在空中。在５回合内可以飘浮。
magnitude,Magnitude,Hits adjacent Pokemon. Power varies; 2x on Dig.,震级,晃动地面，攻击自己周围所有的宝可梦。招式的威力会有各种变化。
maliciousmoonsault,Malicious Moonsault,Damage doubles if the target used Minimize.,极恶飞跃粉碎击,通过Ｚ力量得到强壮肉体的炽焰咆哮虎将全力撞向对手进行攻击。
matblock,Mat Block,Protects allies from damaging attacks. Turn 1 only.,掀榻榻米,将掀起来的榻榻米当作盾牌，防住自己和同伴免受招式伤害。变化招式无法防住。
maxairstream,Max Airstream,Base move affects power. Allies: +1 Speed.,极巨飞冲,极巨化宝可梦使出的飞行属性攻击。100%几率提升我方的速度1级。
maxdarkness,Max Darkness,Base move affects power. Foes: -1 Sp. Def.,极巨恶霸,极巨化宝可梦使出的恶属性攻击。100%几率降低对手的特防1级。
maxflare,Max Flare,Base move affects power. Starts Sunny Day.,极巨火爆,极巨化宝可梦使出的火属性攻击。可在５回合内将天气变为大晴天。
maxflutterby,Max Flutterby,Base move affects power. Foes: -1 Sp. Atk.,极巨虫蛊,极巨化宝可梦使出的虫属性攻击。100%几率降低对手的特攻1级。
maxgeyser,Max Geyser,Base move affects power. Starts Rain Dance.,极巨水流,极巨化宝可梦使出的水属性攻击。可在５回合内将天气变为降雨。
maxguard,Max Guard,Protects user from moves & Max Moves this turn.,极巨防壁,完全抵挡对手的攻击。连续使出则容易失败。
maxhailstorm,Max Hailstorm,Base move affects power. Starts Hail.,极巨寒冰,极巨化宝可梦才能使出的冰属性攻击。在５回合内会降下冰雹。
maxknuckle,Max Knuckle,Base move affects power. Allies: +1 Attack.,极巨拳斗,极巨化宝可梦使出的格斗属性攻击。100%几率提升我方的攻击1级。
maxlightning,Max Lightning,Base move affects power. Starts Electric Terrain.,极巨闪电,极巨化宝可梦使出的电属性攻击。可在５回合内将脚下变成电气场地。
maxmindstorm,Max Mindstorm,Base move affects power. Starts Psychic Terrain.,极巨超能,极巨化宝可梦使出的超能力属性攻击。可在５回合内将脚下变成精神场地。
maxooze,Max Ooze,Base move affects power. Allies: +1 Sp. Atk.,极巨酸毒,极巨化宝可梦使出的毒属性攻击。100%几率提升我方的特攻1级。
maxovergrowth,Max Overgrowth,Base move affects power. Starts Grassy Terrain.,极巨草原,极巨化宝可梦使出的草属性攻击。可在５回合内将脚下变成青草场地。
maxphantasm,Max Phantasm,Base move affects power. Foes: -1 Defense.,极巨幽魂,极巨化宝可梦使出的幽灵属性攻击。100%几率降低对手的防御1级。
maxquake,Max Quake,Base move affects power. Allies: +1 Sp. Def.,极巨大地,极巨化宝可梦使出的地面属性攻击。100%几率提升我方的特防1级。
maxrockfall,Max Rockfall,Base move affects power. Starts Sandstorm.,极巨岩石,极巨化宝可梦使出的岩石属性攻击。可在５回合内将天气变为沙暴。
maxstarfall,Max Starfall,Base move affects power. Starts Misty Terrain.,极巨妖精,极巨化宝可梦使出的妖精属性攻击。可在５回合内将脚下变成薄雾场地。
maxsteelspike,Max Steelspike,Base move affects power. Allies: +1 Defense.,极巨钢铁,极巨化宝可梦使出的钢属性攻击。100%几率提升我方的防御1级。
maxstrike,Max Strike,Base move affects power. Foes: -1 Speed.,极巨攻击,极巨化宝可梦使出的一般属性攻击。100%几率降低对手的速度1级。
maxwyrmwind,Max Wyrmwind,Base move affects power. Foes: -1 Attack.,极巨龙骑,极巨化宝可梦使出的龙属性攻击。100%几率降低对手的攻击1级。
meanlook,Mean Look,Prevents the target from switching out.,黑色目光,用好似要勾人心魂的黑色目光一动不动地凝视对手，使其不能从战斗中逃走。
meditate,Meditate,Raises the user's Attack by 1.,瑜伽姿势,唤醒身体深处沉睡的力量，从而提高自己的攻击。
mefirst,Me First,Copies a foe at 1.5x power. User must be faster.,抢先一步,提高威力，抢先使出对手想要使出的招式。如果不先使出则会失败。
megadrain,Mega Drain,User recovers 50% of the damage dealt.,超级吸取,吸取对手的养分进行攻击。可以回复给予对手伤害的一半ＨＰ。
megahorn,Megahorn,No additional effect.,超级角击,用坚硬且华丽的角狠狠地刺入对手进行攻击。
megakick,Mega Kick,No additional effect.,百万吨重踢,使出力大无穷的重踢踢飞对手进行攻击。
megapunch,Mega Punch,No additional effect.,百万吨重拳,用充满力量的拳头攻击对手。
memento,Memento,"Lowers target's Attack, Sp. Atk by 2. User faints.",临别礼物,虽然会使自己陷入濒死，但是有100%几率能够低对手的攻击和特攻各2级。
menacingmoonrazemaelstrom,Menacing Moonraze Maelstrom,Ignores the Abilities of other Pokemon.,月华飞溅落云霄,得到Ｚ力量的露奈雅拉将全力进行攻击。可以无视对手的特性效果。
metalburst,Metal Burst,"If hit by an attack, returns 1.5x damage.",金属爆炸,使出招式前，将最后受到的招式的伤害大力返还给对手。
metalclaw,Metal Claw,10% chance to raise the user's Attack by 1.,金属爪,用钢铁之爪劈开对手进行攻击。10%几率提高自己的攻击1级。
metalsound,Metal Sound,Lowers the target's Sp. Def by 2.,金属音,让对手听摩擦金属般讨厌的声音。大幅降低对手的特防。
meteorassault,Meteor Assault,User cannot move next turn.,流星突击,攻击目标造成伤害。下一回合自己将无法动弹。
meteorbeam,Meteor Beam,Raises user's Sp. Atk by 1 on turn 1. Hits turn 2.,流星光束,第一回合进行蓄力，同时令使用者的特攻提升1级，第二回合发动攻击。
meteormash,Meteor Mash,20% chance to raise the user's Attack by 1.,彗星拳,攻击目标造成伤害。20%几率令使用者的攻击提升1级。
metronome,Metronome,Picks a random move.,挥指,在所有招式中随机选择1个招式并使用。
milkdrink,Milk Drink,Heals the user by 50% of its max HP.,喝牛奶,恢复使用者的50%的ＨＰ值。
mimic,Mimic,The last move the target used replaces this one.,模仿,招式替换为目标最后使用的招式，ＰＰ改变为5。
mindblown,Mind Blown,User loses 50% max HP. Hits adjacent Pokemon.,惊爆大头,攻击目标造成伤害。使用者的ＨＰ减少最大ＨＰ的一半。
mindreader,Mind Reader,User's next move will not miss the target.,心之眼,用心感受对手的行动，下次攻击必定会击中对手。
minimize,Minimize,Raises the user's evasiveness by 2.,变小,令使用者的闪避率提升2级。
miracleeye,Miracle Eye,Psychic hits Dark. Evasiveness ignored.,奇迹之眼,对恶属性宝可梦没有效果的招式以及闪避率高的对手，使用后变得能够打中。
mirrorcoat,Mirror Coat,"If hit by special attack, returns double damage.",镜面反射,造成使用者上一次受到的特殊伤害×2的固定伤害。
mirrormove,Mirror Move,User uses the target's last used move against it.,鹦鹉学舌,使用目标最后使用过的招式。
mirrorshot,Mirror Shot,30% chance to lower the target's accuracy by 1.,镜光射击,攻击目标造成伤害。30%几率令目标的命中率降低1级。
mist,Mist,"For 5 turns, protects user's party from stat drops.",白雾,使己方场地在5回合内处于白雾状态。处于白雾状态的场地上的宝可梦的能力变化不会下降。
mistball,Mist Ball,50% chance to lower the target's Sp. Atk by 1.,薄雾球,攻击目标造成伤害。50%几率令目标的特攻降低1级。
mistyexplosion,Misty Explosion,User faints. User on Misty Terrain: 1.5x power.,薄雾炸裂,对自己周围的所有宝可梦进行攻击，自己陷入濒死。在薄雾场地上，招式威力会提高50%。
mistyterrain,Misty Terrain,"5 turns. Can't status,-Dragon power vs grounded.",薄雾场地,5回合内地面上的宝可梦免受异常状态影响。使龙属性招式的伤害减半。
moonblast,Moonblast,30% chance to lower the target's Sp. Atk by 1.,月亮之力,攻击目标造成伤害。30%几率令目标的特攻降低1级。
moongeistbeam,Moongeist Beam,Ignores the Abilities of other Pokemon.,暗影之光,攻击目标造成伤害。攻击时能够使目标特性失效。
moonlight,Moonlight,Heals the user by a weather-dependent amount.,月光,月光恢复使用者的ＨＰ值。恢复量由当前天气决定。
morningsun,Morning Sun,Heals the user by a weather-dependent amount.,晨光,晨光恢复使用者的ＨＰ值。恢复量由当前天气决定。
mudbomb,Mud Bomb,30% chance to lower the target's accuracy by 1.,泥巴炸弹,攻击目标造成伤害。30%几率令目标的命中率降低1级。
mudshot,Mud Shot,100% chance to lower the target's Speed by 1.,泥巴射击,攻击目标造成伤害。100%几率令目标的速度降低1级
mudslap,Mud-Slap,100% chance to lower the target's accuracy by 1.,掷泥,攻击目标造成伤害。100%几率令目标的命中率降低1级。
mudsport,Mud Sport,"For 5 turns, Electric-type attacks have 1/3 power.",玩泥巴,使场地进入玩泥巴状态５回合，降低电属性招式的威力。
muddywater,Muddy Water,30% chance to lower the foe(s) accuracy by 1.,浊流,攻击目标造成伤害。30%几率令目标的命中率降低1级
multiattack,Multi-Attack,Type varies based on the held Memory.,多属性攻击,攻击目标造成伤害。招式属性根据使用者进入战斗时携带的存储碟决定。
mysticalfire,Mystical Fire,100% chance to lower the target's Sp. Atk by 1.,魔法火焰,攻击目标造成伤害。100%几率令目标的特攻降低1级。
nastyplot,Nasty Plot,Raises the user's Sp. Atk by 2.,诡计,令使用者的特攻提升2级。
naturalgift,Natural Gift,Power and type depends on the user's Berry.,自然之恩,攻击目标造成伤害，威力和属性取决于这只宝可梦身上的树果。
naturepower,Nature Power,Attack depends on terrain (default Tri Attack).,自然之力,根据地形或场地型状态的不同使用另一个招式，场地型状态的效果覆盖地形的效果。
naturesmadness,Nature's Madness,Does damage equal to 1/2 target's current HP.,自然之怒,攻击目标造成固定伤害，伤害值为对手剩余ＨＰ的一半，向下取整，但最小为1。
needlearm,Needle Arm,30% chance to flinch the target.,尖刺臂,攻击目标造成伤害。30%的几率使目标陷入畏缩状态。
neverendingnightmare,Never-Ending Nightmare,Power is equal to the base move's Z-Power.,无尽暗夜之诱惑,通过Ｚ力量召唤强烈的怨念，全力降临到对手身上。威力会根据原来的招式而改变。
nightdaze,Night Daze,40% chance to lower the target's accuracy by 1.,暗黑爆破,攻击目标造成伤害。40%几率令目标的命中率降低1级。
nightmare,Nightmare,A sleeping target is hurt by 1/4 max HP per turn.,恶梦,处于恶梦状态的宝可梦在每个回合结束时损失最大ＨＰ的1⁄4。
nightshade,Night Shade,Does damage equal to the user's level.,黑夜魔影,造成与使用者等级相等的固定伤害。
nightslash,Night Slash,High critical hit ratio.,暗袭要害,攻击目标造成伤害。击中要害率比普通招式高1级。
nobleroar,Noble Roar,Lowers the target's Attack and Sp. Atk by 1.,战吼,令目标的攻击、特攻各降低1级。
noretreat,No Retreat,Raises all stats by 1 (not acc/eva). Traps user.,背水一战,令使用者的攻击、防御、特攻、特防和速度提升1级。使用者进入无法逃走状态。
nuzzle,Nuzzle,100% chance to paralyze the target.,蹭蹭脸颊,攻击目标造成伤害，蹭蹭脸颊会使目标陷入麻痹状态。
oblivionwing,Oblivion Wing,User recovers 75% of the damage dealt.,死亡之翼,攻击目标造成伤害，自身的ＨＰ恢复造成的伤害的75%。
obstruct,Obstruct,Protects from damaging attacks. Contact: -2 Def.,拦堵,完全抵挡对手的攻击。连续使出则容易失败。一旦触碰，令攻击方的防御下降2级。
oceanicoperetta,Oceanic Operetta,No additional effect.,海神庄严交响乐,通过Ｚ力量召唤大量水的西狮海壬将全力攻击对手。
octazooka,Octazooka,50% chance to lower the target's accuracy by 1.,章鱼桶炮,攻击目标造成伤害。50%几率令目标的命中率降低1级
octolock,Octolock,"Traps target, lowers Def and SpD by 1 each turn.",蛸固,让对手无法逃走。并每回合都会降低防御和特防1级。
odorsleuth,Odor Sleuth,"Fighting, Normal hit Ghost. Evasiveness ignored.",气味侦测,对幽灵属性宝可梦没有效果的招式以及闪避率高的对手，使用后变得能够打中。
ominouswind,Ominous Wind,10% chance to raise all stats by 1 (not acc/eva).,奇异之风,攻击目标造成伤害。10%几率令使用者的攻击、防御、特攻、特防和速度提升1级。
originpulse,Origin Pulse,No additional effect. Hits adjacent foes.,根源波动,攻击目标造成伤害。
outrage,Outrage,Lasts 2-3 turns. Confuses the user afterwards.,逆鳞,在２～３回合内，乱打一气地进行攻击。大闹一番后自己会陷入混乱。
overdrive,Overdrive,No additional effect. Hits foe(s).,破音,攻击目标造成伤害。
overheat,Overheat,Lowers the user's Sp. Atk by 2.,过热,攻击目标造成伤害。令使用者的特攻降低2级。
painsplit,Pain Split,Shares HP of user and target equally.,分担痛楚,将自己的ＨＰ和对手的ＨＰ相加，然后自己和对手友好地平分。
paleowave,Paleo Wave,20% chance to lower the target's Attack by 1.,海浪,20%几率使目标的攻击降低1。
paraboliccharge,Parabolic Charge,User recovers 50% of the damage dealt.,抛物面充电,攻击周围的目标造成伤害，自身的ＨＰ恢复对所有目标造成的总伤害的50%。
partingshot,Parting Shot,"Lowers target's Atk, Sp. Atk by 1. User switches.",抛下狠话,令目标的攻击、特攻各降低1级。
payback,Payback,Power doubles if the user moves after the target.,以牙还牙,蓄力攻击。如果能在对手之后攻击，招式的威力会变成２倍。
payday,Pay Day,Scatters coins.,聚宝功,攻击目标造成伤害。每使用一次这个招式，向地上投掷5×使用者等级的金币。
peck,Peck,No additional effect.,啄,攻击目标造成伤害。
perishsong,Perish Song,All active Pokemon will faint in 3 turns.,灭亡之歌,陷入灭亡之歌状态当回合的3回合之后宝可梦陷入濒死状态，替换后效果消失。
petalblizzard,Petal Blizzard,No additional effect. Hits adjacent Pokemon.,落英缤纷,对攻击目标造成伤害。
petaldance,Petal Dance,Lasts 2-3 turns. Confuses the user afterwards.,花瓣舞,攻击随机一位对手造成伤害。接下来的2～3回合强制使用花瓣舞进行攻击。
phantomforce,Phantom Force,Disappears turn 1. Hits turn 2. Breaks protection.,潜灵奇袭,第１回合消失在某处，第２回合攻击对手。可以无视守护进行攻击。
photongeyser,Photon Geyser,Physical if user's Atk > Sp. Atk. Ignores Abilities.,光子喷涌,攻击目标造成伤害。如果使用者的攻击大于特攻，则此招式变成物理招式。并使其特性失效。
pikapapow,Pika Papow,Max happiness: 102 power. Can't miss.,闪闪雷光,攻击目标造成伤害。威力随着亲密度增加，为亲密度÷2.5；最大102，最小1。
pinmissile,Pin Missile,Hits 2-5 times in one turn.,飞弹针,攻击目标造成伤害，一回合内连续攻击2～5次。
plasmafists,Plasma Fists,Normal moves become Electric type this turn.,等离子闪电拳,攻击目标造成伤害。直到回合结束，所有一般属性招式都是电属性。
playnice,Play Nice,Lowers the target's Attack by 1.,和睦相处,令目标的攻击降低1级。
playrough,Play Rough,10% chance to lower the target's Attack by 1.,嬉闹,攻击目标造成伤害。10%几率令目标的攻击降低1级。
pluck,Pluck,User steals and eats the target's Berry.,啄食,攻击目标造成伤害。如果目标携带了树果，消耗掉目标的树果。
poisonfang,Poison Fang,50% chance to badly poison the target.,剧毒牙,攻击目标造成伤害。50%的几率使目标陷入剧毒状态。
poisongas,Poison Gas,Poisons the foe(s).,毒瓦斯,使目标陷入中毒状态。
poisonjab,Poison Jab,30% chance to poison the target.,毒击,攻击目标造成伤害。30%的几率使目标陷入中毒状态。
poisonpowder,Poison Powder,Poisons the target.,毒粉,使目标陷入中毒状态。
poisonsting,Poison Sting,30% chance to poison the target.,毒针,攻击目标造成伤害。30%的几率使目标陷入中毒状态。
poisontail,Poison Tail,High critical hit ratio. 10% chance to poison.,毒尾,攻击目标造成伤害。击中要害率比普通招式高1级。10%的几率使目标陷入中毒状态。
pollenpuff,Pollen Puff,"If the target is an ally, heals 50% of its max HP.",花粉团,对敌人使用是会爆炸的团子。对我方使用则是给予回复最大HP的50%。
poltergeist,Poltergeist,Fails if the target has no held item.,灵骚,探知目标道具进行攻击，该效果不会消耗目标的道具。
pound,Pound,No additional effect.,拍击,攻击目标造成伤害。
powder,Powder,"If using a Fire move, target loses 1/4 max HP.",粉尘,如果被撒到粉尘的对手使用火招式，则会爆炸并给予最大HP1/4的伤害。
powdersnow,Powder Snow,10% chance to freeze the foe(s).,细雪,攻击目标造成伤害。10%的几率使目标陷入冰冻状态。
powergem,Power Gem,No additional effect.,力量宝石,攻击目标造成伤害。
powersplit,Power Split,Averages Attack and Sp. Atk stats with target.,力量平分,利用超能力将自己和对手的攻击和特攻相加，再进行平分。
powerswap,Power Swap,Swaps Attack and Sp. Atk stat stages with target.,力量互换,和对手交换攻击和特攻的能力变化。
powertrick,Power Trick,Switches user's Attack and Defense stats.,力量戏法,使自身进入力量戏法状态，交换自身的攻击和防御。
powertrip,Power Trip, + 20 power for each of the user's stat boosts.,嚣张,攻击目标造成伤害。自身每有一项能力变化提升一级，招式威力增加20。
poweruppunch,Power-Up Punch,100% chance to raise the user's Attack by 1.,增强拳,攻击目标造成伤害。100%几率令使用者的攻击提升1级。
powerwhip,Power Whip,No additional effect.,强力鞭打,攻击目标造成伤害。
precipiceblades,Precipice Blades,No additional effect. Hits adjacent foes.,断崖之剑,攻击目标造成伤害。
present,Present,"40, 80, 120 power, or heals target 1/4 max HP.",礼物,40点威力攻击对手几率为40%，80点威力攻击对手几率为30%，120点威力攻击对手几率为10%，治愈对手满ＨＰ的1⁄4几率为20%。
prismaticlaser,Prismatic Laser,User cannot move next turn.,棱镜镭射,用棱镜的力量发射强烈光线。下一回合自己将无法动弹。
protect,Protect,Prevents moves from affecting the user this turn.,守住,完全抵挡对手的攻击。连续使出则容易失败。
psybeam,Psybeam,10% chance to confuse the target.,幻象光线,攻击目标造成伤害。10%的几率使目标陷入混乱状态。
psychup,Psych Up,Copies the target's current stat stages.,自我暗示,取消自身能力的变化，并复制对手的能力变化。
psychic,Psychic,10% chance to lower the target's Sp. Def by 1.,精神强念,攻击目标造成伤害。10%几率令目标的特防降低1级。
psychicfangs,Psychic Fangs,"Destroys screens, unless the target is immune.",精神之牙,破坏对方场地的光墙、反射壁和极光幕，并攻击目标造成伤害。
psychicterrain,Psychic Terrain,"5 turns. Grounded: +Psychic power, priority-safe.",精神场地,5回合内站在地上的宝可梦不受到对手优先度为+1或以上的招式影响，且超能力属性招式的威力提升30%。
psychoboost,Psycho Boost,Lowers the user's Sp. Atk by 2.,精神突进,攻击目标造成伤害。令使用者的特攻降低2级。
psychocut,Psycho Cut,High critical hit ratio.,精神利刃,攻击目标造成伤害。击中要害率比普通招式高1级。
psychoshift,Psycho Shift,Transfers the user's status ailment to the target.,精神转移,如果自身有异常状态，则把自身的异常状态转移给目标，自身解除异常状态。目标的同步特性无法发动。
psyshock,Psyshock,"Damages target based on Defense, not Sp. Def.",精神冲击,将神奇的念波实体化攻击对手。给予物理伤害。使目标防御代替特防计算伤害。
psystrike,Psystrike,"Damages target based on Defense, not Sp. Def.",精神击破,将神奇的念波实体化攻击对手。给予物理伤害。使目标防御代替特防计算伤害。
psywave,Psywave,Random damage equal to 0.5x-1.5x user's level.,精神波,向对手发射神奇的念波进行攻击。每次使用，伤害都会改变。
pulverizingpancake,Pulverizing Pancake,No additional effect.,认真起来大爆击,通过Ｚ力量使得认真起来的卡比兽跃动巨大身躯，全力向对手发动袭击。必定会命中目标。
punishment,Punishment,60 power +20 for each of the target's stat boosts.,惩罚,根据能力变化，对手提高的力量越大，招式的威力越大。
purify,Purify,Cures target's status; heals user 1/2 max HP if so.,净化,治愈对手的异常状态。治愈后可以回复自身最大HP的一半。
pursuit,Pursuit,"If a foe is switching out, hits it at 2x power.",追打,当对手替换宝可梦上场时使出此招式的话，能够以２倍的威力进行攻击。
pyroball,Pyro Ball,10% chance to burn the target. Thaws user.,火焰球,点燃小石子，形成火球攻击对手。10%几率使对手陷入灼伤状态。
quash,Quash,Forces the target to move last this turn.,延后,压制对手，从而将其行动顺序放到最后。
quickattack,Quick Attack,Usually goes first.,电光一闪,以迅雷不及掩耳之势扑向对手。必定能够先制攻击。
quickguard,Quick Guard,Protects allies from priority attacks this turn.,快速防守,守护自己和同伴，以防对手的先制攻击。
quiverdance,Quiver Dance,"Raises the user's Sp. Atk, Sp. Def, Speed by 1.",蝶舞,轻巧地跳起神秘而又美丽的舞蹈。提高自己的特攻、特防和速度各1级。
rage,Rage,Raises the user's Attack by 1 if hit during use.,愤怒,如果在使出招式后受到攻击的话，会因愤怒的力量而提高自身攻击1级。
ragepowder,Rage Powder,The foes' moves target the user on the turn used.,愤怒粉,将令人烦躁的粉末撒在自己身上，用以吸引对手的注意。使对手的攻击全部指向自己。
raindance,Rain Dance,"For 5 turns, heavy rain powers Water moves.",求雨,在５回合内一直降雨，从而提高水属性的招式威力。火属性的招式威力则降低。
rapidspin,Rapid Spin,Free user from hazards/bind/Leech Seed; +1 Spe.,高速旋转,通过旋转来攻击对手。100%几率提升自身速度1级。还可以摆脱绑紧、紧束、寄生种子和撒菱等招式。
razorleaf,Razor Leaf,High critical hit ratio. Hits adjacent foes.,飞叶快刀,飞出叶片，切斩对手进行攻击。容易击中要害。
razorshell,Razor Shell,50% chance to lower the target's Defense by 1.,贝壳刃,用锋利的贝壳切斩对手进行攻击。50%几率降低对手的防御1级。
razorwind,Razor Wind,"Charges, then hits foe(s) turn 2. High crit ratio.",旋风刃,制造风之刃，于第２回合攻击对手。容易击中要害。
recover,Recover,Heals the user by 50% of its max HP.,自我再生,让全身的细胞获得再生，回复最大HP一半的ＨＰ。
recycle,Recycle,Restores the item the user last used.,回收利用,使战斗中已经消耗掉的自己的持有物再生，并可以再次使用。
reflect,Reflect,"For 5 turns, physical damage to allies is halved.",反射壁,在５回合内使用神奇的墙，从对手那受到的物理攻击的伤害减半。
reflecttype,Reflect Type,User becomes the same type as the target.,镜面属性,反射对手的属性，让自己也变成一样的属性。
refresh,Refresh,"User cures its burn, poison, or paralysis.",焕然一新,让身体休息，治愈自己身上所中的毒、麻痹、灼伤的异常状态。
relicsong,Relic Song,10% chance to sleep foe(s). Meloetta transforms.,古老之歌,让对手听古老之歌，打动对手的内心进行攻击。10%几率让对手陷入睡眠状态。
rest,Rest,User sleeps 2 turns and restores HP and status.,睡觉,连续睡上２回合。回复自己的全部ＨＰ以及治愈所有异常状态。
retaliate,Retaliate,Power doubles if an ally fainted last turn.,报仇,为倒下的同伴报仇。如果上一回合有同伴倒下，威力翻倍。
return,Return,Max 102 power at maximum Happiness.,报恩,为了训练家而全力攻击对手。亲密度越高，威力越大。最大102。
revelationdance,Revelation Dance,Type varies based on the user's primary type.,觉醒之舞,全力跳舞进行攻击。此招式的属性将变得和自己的属性相同。
revenge,Revenge,Power doubles if user is damaged by the target.,报复,如果本回合受到对手的招式攻击，就能给予对手２倍的伤害。
reversal,Reversal,More power the less HP the user has left.,起死回生,竭尽全力进行攻击。自己的ＨＰ越少，招式的威力越大。
risingvoltage,Rising Voltage,2x power if target is grounded in Electric Terrain.,电气上升,用从地面升腾而起的电击进行攻击。当对手处于电气场地上时，威力翻倍。
roar,Roar,Forces the target to switch to a random ally.,吼叫,放走对手，强制拉后备宝可梦上场。如果对手为野生宝可梦，战斗将直接结束。
roaroftime,Roar of Time,User cannot move next turn.,时光咆哮,释放出扭曲时间般的强大力量攻击对手。下一回合自己将无法动弹。
rockblast,Rock Blast,Hits 2-5 times in one turn.,岩石爆击,向对手发射坚硬的岩石进行攻击。连续攻击２～５次。
rockclimb,Rock Climb,20% chance to confuse the target.,攀岩,用尽全力扑向对手进行攻击。20%几率使对手混乱。
rockpolish,Rock Polish,Raises the user's Speed by 2.,岩石打磨,打磨自己的身体，减少空气阻力。100%几率提高自己的速度2级。
rockslide,Rock Slide,30% chance to flinch the foe(s).,岩崩,将大岩石猛烈地撞向对手进行攻击。30%几率使对手畏缩。
rocksmash,Rock Smash,50% chance to lower the target's Defense by 1.,碎岩,用拳头进行攻击。50%几率降低对手的防御。
rockthrow,Rock Throw,No additional effect.,落石,拿起小岩石，投掷对手进行攻击。
rocktomb,Rock Tomb,100% chance to lower the target's Speed by 1.,岩石封锁,投掷岩石进行攻击。封住对手的行动，100%几率降低目标速度1级。
rockwrecker,Rock Wrecker,User cannot move next turn.,岩石炮,向对手发射巨大的岩石进行攻击。下一回合自己将无法动弹。
roleplay,Role Play,User replaces its Ability with the target's.,扮演,扮演对手，让自己的特性变得和对手相同。
rollingkick,Rolling Kick,30% chance to flinch the target.,回旋踢,一边使身体快速旋转，一边踢飞对手进行攻击。30%几率使对手畏缩。
rollout,Rollout,Power doubles with each hit. Repeats for 5 turns.,滚动,在５回合内连续滚动攻击对手。招式每次击中，威力就会提高。
roost,Roost,Heals 50% HP. Flying-type removed 'til turn ends.,羽栖,降到地面，使身体休息。回复自己最大ＨＰ的一半。
rototiller,Rototiller,Raises Atk/Sp. Atk of grounded Grass types by 1.,耕地,翻耕土地，使草木更容易成长。100%几率提高地面上的草属性宝可梦的攻击和特攻各1级。
round,Round,Power doubles if others used Round this turn.,轮唱,用歌声攻击对手。同伴还可以接着使出轮唱招式，威力也会提高。
sacredfire,Sacred Fire,50% chance to burn the target. Thaws user.,神圣之火,用神秘的火焰烧尽对手进行攻击。50%几率让对手陷入灼伤状态。
sacredsword,Sacred Sword,Ignores the target's stat stage changes.,圣剑,用长角切斩对手进行攻击。无视对手的能力变化，直接给予伤害。
safeguard,Safeguard,"For 5 turns, protects user's party from status.",神秘守护,在５回合内被神奇的力量守护，从而不会陷入异常状态。
sandattack,Sand Attack,Lowers the target's accuracy by 1.,泼沙,向对手脸上泼沙子，从而降低目标命中率1级。
sandstorm,Sandstorm,"For 5 turns, a sandstorm rages.",沙暴,在５回合内扬起沙暴，除岩石、地面和钢属性以外的宝可梦，都会受到伤害。岩石属性的特防还会提高。
sandtomb,Sand Tomb,Traps and damages the target for 4-5 turns.,流沙地狱,将对手困在铺天盖地的沙暴中，在４～５回合内进行攻击。
sappyseed,Sappy Seed,Summons Leech Seed.,茁茁轰炸,长出巨大的藤蔓，播撒种子进行攻击。100%几率使目标进入寄生种子状态。
savagespinout,Savage Spin-Out,Power is equal to the base move's Z-Power.,绝对捕食回旋转,通过Ｚ力量将吐出的丝线全力束缚对手。威力会根据原来的招式而改变。
scald,Scald,30% chance to burn the target. Thaws target.,热水,向对手喷射煮得翻滚的开水进行攻击。30%几率让对手陷入灼伤状态。
scaleshot,Scale Shot,"Hits 2-5 times. User: -1 Def, +1 Spe after last hit.",鳞射,发射鳞片进行攻击。连续攻击２～５次。攻击结束后令使用者防御降低1级，同时速度提升1级。
scaryface,Scary Face,Lowers the target's Speed by 2.,鬼面,用恐怖的脸瞪着对手，使其害怕，从而降低对手的速度2级。
scorchingsands,Scorching Sands,30% chance to burn the target. Thaws target.,热沙大地,将滚烫的沙子砸向对手进行攻击。30%几率会让对手陷入灼伤状态。
scratch,Scratch,No additional effect.,抓,用坚硬且无比锋利的爪子抓对手进行攻击。
screech,Screech,Lowers the target's Defense by 2.,刺耳声,发出不由自主想要捂起耳朵的刺耳声，从而低对手的防御2级。
searingshot,Searing Shot,30% chance to burn adjacent Pokemon.,火焰弹,用熊熊烈火攻击自己周围所有的宝可梦。30%几率使目标陷入灼伤状态。
searingsunrazesmash,Searing Sunraze Smash,Ignores the Abilities of other Pokemon.,日光回旋下苍穹,得到Ｚ力量的索尔迦雷欧将全力进行攻击。可以无视对手的特性效果。
secretpower,Secret Power,Effect varies with terrain. (30% paralysis chance),秘密之力,根据使用场所不同，该招式的追加效果也会有所变化。追加效果几率为30%。
secretsword,Secret Sword,"Damages target based on Defense, not Sp. Def.",神秘之剑,用长角切斩对手进行攻击。角上拥有的神奇力量将给予物理伤害。使目标防御代替特防进行伤害计算。
seedbomb,Seed Bomb,No additional effect.,种子炸弹,将外壳坚硬的大种子，从上方砸下攻击对手。
seedflare,Seed Flare,40% chance to lower the target's Sp. Def by 2.,种子闪光,从身体里产生冲击波。40%几率降低对手的特防2级。
seismictoss,Seismic Toss,Does damage equal to the user's level.,地球上投,利用引力将对手甩飞出去。给予对手和自己等级相同的伤害。
selfdestruct,Self-Destruct,Hits adjacent Pokemon. The user faints.,自爆,引发爆炸，攻击自己周围所有的宝可梦。使用后陷入濒死。
shadowball,Shadow Ball,20% chance to lower the target's Sp. Def by 1.,影子球,投掷一团黑影进行攻击。20%几率降低对手的特防1级。
shadowbone,Shadow Bone,20% chance to lower the target's Defense by 1.,暗影之骨,用附有灵魂的骨头殴打对手进行攻击。20%几率降低对手的防御1级。
shadowclaw,Shadow Claw,High critical hit ratio.,暗影爪,以影子做成的锐爪，劈开对手。容易击中要害。
shadowforce,Shadow Force,Disappears turn 1. Hits turn 2. Breaks protection.,暗影潜袭,第１回合消失踪影，第２回合攻击对手。即使对手正受保护，也能击中。
shadowpunch,Shadow Punch,This move does not check accuracy.,暗影拳,使出混影之拳。攻击必定会命中。
shadowsneak,Shadow Sneak,Usually goes first.,影子偷袭,伸长影子，从对手的背后进行攻击。必定能够先制攻击。
shadowstrike,Shadow Strike,50% chance to lower the target's Defense by 1.,暗影突袭,50%几率降低目标防御1级。
sharpen,Sharpen,Raises the user's Attack by 1.,棱角化,增加身体的角，变得棱棱角角，从而提高自己的攻击1级。
shatteredpsyche,Shattered Psyche,Power is equal to the base move's Z-Power.,至高精神破坏波,通过Ｚ力量操纵对手，全力使其感受到痛苦。威力会根据原来的招式而改变。
sheercold,Sheer Cold,OHKOs non-Ice targets. Fails if user's lower level.,绝对零度,给对手一击濒死。如果是冰属性以外的宝可梦使用，就会难以打中。
shellsidearm,Shell Side Arm,20% psn. Physical+contact if it would be stronger.,臂备武器,从物理攻击和特殊攻击中选择可造成较多伤害的方式进行攻击。20%几率让对手陷入中毒状态。
shellsmash,Shell Smash,"Lowers Def, SpD by 1; raises Atk, SpA, Spe by 2.",破壳,打破外壳，降低自己的防御和特防各1级，同时提高攻击、特攻和速度各2级。
shelltrap,Shell Trap,User must take physical damage before moving.,陷阱甲壳,回合开始时，设下陷阱，若该回合中受到来自对手的物理攻击， 可引起爆炸并给予对手重大的伤害。
shiftgear,Shift Gear,Raises the user's Speed by 2 and Attack by 1.,换挡,转动齿轮，不仅提高自己的攻击，还会大幅提高速度。
shockwave,Shock Wave,This move does not check accuracy.,电击波,向对手快速发出电击。攻击必定会命中。
shoreup,Shore Up,User restores 1/2 its max HP; 2/3 in Sandstorm.,集沙,回复自己最大ＨＰ的一半。在沙暴中回复得更多。
signalbeam,Signal Beam,10% chance to confuse the target.,信号光束,发射神奇的光线进行攻击。10%几率使对手混乱。
silverwind,Silver Wind,10% chance to raise all stats by 1 (not acc/eva).,银色旋风,在风中掺入鳞粉攻击对手。10%几率提高自己的全部能力。
simplebeam,Simple Beam,The target's Ability becomes Simple.,单纯光束,向对手发送谜之念波。接收到念波的对手，其特性会变为单纯。
sing,Sing,Causes the target to fall asleep.,唱歌,让对手听舒适、美妙的歌声，从而陷入睡眠状态。
sinisterarrowraid,Sinister Arrow Raid,No additional effect.,遮天蔽日暗影箭,通过Ｚ力量制造出无数箭的狙射树枭将全力射穿对手进行攻击。
sizzlyslide,Sizzly Slide,100% chance to burn the foe.,熊熊火爆,用燃起大火的身体猛烈地冲撞对手。100%几率让对手陷入灼伤状态。
sketch,Sketch,Permanently copies the last move target used.,写生,将对手使用的招式变成自己的招式。使用１次后写生消失。
skillswap,Skill Swap,The user and the target trade Abilities.,特性互换,利用超能力互换自己和对手的特性。
skittersmack,Skitter Smack,100% chance to lower target's Sp. Atk by 1.,爬击,从对手背后爬近后进行攻击。100%几率降低对手的特攻。
skullbash,Skull Bash,Raises user's Defense by 1 on turn 1. Hits turn 2.,火箭头锤,第１回合把头缩进去，从而提高防御1级。第２回合攻击对手。
skyattack,Sky Attack,"Charges, then hits turn 2. 30% flinch. High crit.",神鸟猛击,第２回合攻击对手。30%几率使对手畏缩。也容易击中要害。
skydrop,Sky Drop,User and foe fly up turn 1. Damages on turn 2.,自由落体,第１回合将对手带到空中，第２回合将其摔下进行攻击。被带到空中的对手不能动弹。
skyuppercut,Sky Uppercut,"Can hit Pokemon using Bounce, Fly, or Sky Drop.",冲天拳,用冲向天空般高高的上勾拳顶起对手进行攻击。
slackoff,Slack Off,Heals the user by 50% of its max HP.,偷懒,偷懒休息。回复自己最大ＨＰ的一半。
slam,Slam,No additional effect.,摔打,使用长长的尾巴或藤蔓等摔打对手进行攻击。
slash,Slash,High critical hit ratio.,劈开,用爪子或镰刀等劈开对手进行攻击。容易击中要害。
sleeppowder,Sleep Powder,Causes the target to fall asleep.,催眠粉,撒出催眠粉，命中后100%几率让对手陷入睡眠状态。
sleeptalk,Sleep Talk,User must be asleep. Uses another known move.,梦话,从自己已学会的招式中任意使出１个。只能在自己睡觉时使用。
sludge,Sludge,30% chance to poison the target.,污泥攻击,用污泥投掷对手进行攻击。30%几率让对手陷入中毒状态。
sludgebomb,Sludge Bomb,30% chance to poison the target.,污泥炸弹,用污泥投掷对手进行攻击。30%几率让对手陷入中毒状态。
sludgewave,Sludge Wave,10% chance to poison adjacent Pokemon.,污泥波,用污泥波攻击自己周围所有的宝可梦。10%几率使目标陷入中毒状态。
smackdown,Smack Down,Removes the target's Ground immunity.,击落,扔石头或炮弹，攻击飞行的对手。对手会被击落，掉到地面。
smartstrike,Smart Strike,This move does not check accuracy.,修长之角,用尖尖的角刺入对手进行攻击。攻击必定会命中。
smellingsalts,Smelling Salts,"Power doubles if target is paralyzed, and cures it.",清醒,对于麻痹状态下的对手，威力会变成２倍。但对手的麻痹也会被治愈。
smog,Smog,40% chance to poison the target.,浊雾,将肮脏的浓雾吹向对手进行攻击。40%几率让对手陷入中毒状态。
smokescreen,Smokescreen,Lowers the target's accuracy by 1.,烟幕,向对手喷出烟或墨汁等，从而降低对手的命中率1级。
snaptrap,Snap Trap,Traps and damages the target for 4-5 turns.,捕兽夹,使用捕兽夹，在４～５回合内，夹住对手进行攻击。
snarl,Snarl,100% chance to lower the foe(s) Sp. Atk by 1.,大声咆哮,没完没了地大声斥责，从而降低对手的特攻1级。
snatch,Snatch,User steals certain support moves to use itself.,抢夺,将对手打算使用的回复招式或能力变化招式夺为己用。
snipeshot,Snipe Shot,High critical hit ratio. Cannot be redirected.,狙击,能无视具有吸引对手招式效果的特性或招式的影响。可以向选定的对手进行攻击。
snore,Snore,User must be asleep. 30% chance to flinch target.,打鼾,在自己睡觉时，发出噪音进行攻击。30%几率使对手畏缩。
soak,Soak,Changes the target's type to Water.,浸水,将大量的水泼向对手，从而使其变成水属性。
softboiled,Soft-Boiled,Heals the user by 50% of its max HP.,生蛋,回复自己最大ＨＰ的一半。
solarbeam,Solar Beam,Charges turn 1. Hits turn 2. No charge in sunlight.,日光束,第１回合收集满满的日光，第２回合发射光束进行攻击。
solarblade,Solar Blade,Charges turn 1. Hits turn 2. No charge in sunlight.,日光刃,在第１回合储存日光的能量，然后在第２回合使出高威力攻击。
sonicboom,Sonic Boom,Always does 20 HP of damage.,音爆,将冲击波撞向对手进行攻击。必定会给予２０的伤害。
soulstealing7starstrike,Soul-Stealing 7-Star Strike,No additional effect.,七星夺魂腿,得到Ｚ力量的玛夏多将全力使出拳头和脚踢的连续招式叩打对手。必定会命中。
spacialrend,Spacial Rend,High critical hit ratio.,亚空裂斩,将对手连同周围的空间一起撕裂并给予伤害。容易击中要害。
spark,Spark,30% chance to paralyze the target.,电光,让电流覆盖全身，猛撞向对手进行攻击。30%几率让对手陷入麻痹状态。
sparklingaria,Sparkling Aria,The target is cured of its burn.,泡影的咏叹调,受到这招式攻击的对手身上的灼伤状态将会痊愈。
sparklyswirl,Sparkly Swirl,Cures the user's party of all status conditions.,亮亮风暴,利用芬芳刺鼻的龙卷风吞噬对方。能治愈我方宝可梦的异常状态。
spectralthief,Spectral Thief,Steals target's boosts before dealing damage.,暗影偷盗,潜入对手的影子进行攻击。会先夺取对手的能力提升后再造成伤害。
speedswap,Speed Swap,Swaps Speed stat with target.,速度互换,将对手和自己的速度进行互换。
spiderweb,Spider Web,Prevents the target from switching out.,蛛网,将黏糊糊的细丝一层一层缠住对手，使其不能从战斗中逃走。
spikecannon,Spike Cannon,Hits 2-5 times in one turn.,尖刺加农炮,向对手发射锐针进行攻击。连续攻击２～５次。
spikes,Spikes,Hurts grounded foes on switch-in. Max 3 layers.,撒菱,在对手的脚下扔撒菱。对替换出场的对手的宝可梦给予满HP的1/8的伤害。
spikyshield,Spiky Shield,Protects from moves. Contact: loses 1/8 max HP.,尖刺防守,防住对手攻击的同时，削减攻击方最大HP的1/8的HP。
spiritbreak,Spirit Break,100% chance to lower the target's Sp. Atk by 1.,灵魂冲击,用足以让对手一蹶不振的气势进行攻击。100%几率降低对手的特攻1级。
spiritshackle,Spirit Shackle,Prevents the target from switching out.,缝影,攻击的同时，缝住对手的影子，使其无法逃走。
spitup,Spit Up,More power with more uses of Stockpile.,喷出,将积蓄的力量撞向对手进行攻击。积蓄得越多，威力越大。
spite,Spite,Lowers the PP of the target's last move by 4.,怨恨,对对手最后使用的招式怀有怨恨，减少该招式4PP。
splash,Splash,No competitive use.,跃起,也不攻击只是一蹦一蹦地跳，什么都不会发生……
splinteredstormshards,Splintered Stormshards,Ends the effects of terrain.,狼啸石牙飓风暴,得到Ｚ力量的鬃岩狼人将全力进行攻击。而且会消除场地状态。
splishysplash,Splishy Splash,30% chance to paralyze the target.,滔滔冲浪,往巨浪中注入电能后冲撞对手进行攻击。30%几率让对手陷入麻痹状态。
spore,Spore,Causes the target to fall asleep.,蘑菇孢子,沙沙沙地撒满具有催眠效果的孢子，从而让对手陷入睡眠状态。
spotlight,Spotlight,Target's foes' moves are redirected to it this turn.,聚光灯,给宝可梦打上聚光灯，该回合只能瞄准该宝可梦。
stealthrock,Stealth Rock,Hurts foes on switch-in. Factors Rock weakness.,隐形岩,将无数岩石悬浮在对手的周围，从而对替换出场的对手的宝可梦给予满HP的1/8的伤害。
steameruption,Steam Eruption,30% chance to burn the target. Thaws target.,蒸汽爆炸,将滚烫的蒸汽喷向对手。30%几率让对手灼伤。
steamroller,Steamroller,30% chance to flinch the target.,疯狂滚压,旋转揉成团的身体压扁对手。30%几率使对手畏缩。
steelbeam,Steel Beam,User loses 50% max HP.,铁蹄光线,将从全身聚集的钢铁化为光束，激烈地发射出去。自己会减少最大HP的一半。
steelroller,Steel Roller,Fails if there is no terrain active. Ends the terrain.,铁滚轮,在破坏场地的同时攻击对手。如果脚下没有任何场地状态存在，使出此招式时便会失败。
steelwing,Steel Wing,10% chance to raise the user's Defense by 1.,钢翼,用坚硬的翅膀敲打对手进行攻击。10%几率提高自己的防御1级。
stickyweb,Sticky Web,Lowers Speed of grounded foes by 1 on switch-in.,黏黏网,在对手周围围上黏黏的网，100%几率降低替换出场的对手的速度1级。
stockpile,Stockpile,"Raises user's Defense, Sp. Def by 1. Max 3 uses.",蓄力,积蓄力量，提高自己的防御和特防各1级。最多积蓄３次。
stokedsparksurfer,Stoked Sparksurfer,100% chance to paralyze the target.,驾雷驭电戏冲浪,得到Ｚ力量的阿罗拉地区的雷丘将全力进行攻击。100%几率让对手陷入麻痹状态。一定会命中。
stomp,Stomp,30% chance to flinch the target.,踩踏,用大脚踩踏对手进行攻击。30%几率使对手畏缩。
stompingtantrum,Stomping Tantrum,Power doubles if the user's last move failed.,跺脚,化悔恨为力量进行攻击。如果上一回合招式没有打中，威力就会翻倍。
stoneedge,Stone Edge,High critical hit ratio.,尖石攻击,用尖尖的岩石刺入对手进行攻击。容易击中要害。
storedpower,Stored Power, + 20 power for each of the user's stat boosts.,辅助力量,用蓄积起来的力量攻击对手。自己的能力提高得越多，威力就越大。
stormthrow,Storm Throw,Always results in a critical hit.,山岚摔,向对手使出强烈的一击。攻击必定会击中要害。
strangesteam,Strange Steam,20% chance to confuse the target.,神奇蒸汽,喷出烟雾攻击对手。20%几率使对手混乱。
strength,Strength,No additional effect.,怪力,使出浑身力气殴打对手进行攻击。
strengthsap,Strength Sap,User heals HP=target's Atk stat. Lowers Atk by 1.,吸取力量,给自己回复和对手攻击力相同数值的ＨＰ，然后降低对手的攻击1级。
stringshot,String Shot,Lowers the foe(s) Speed by 2.,吐丝,用口中吐出的丝缠绕对手，从而低对手的速度2级。
struggle,Struggle,User loses 1/4 of its max HP.,挣扎,当自己的ＰＰ耗尽时，努力挣扎攻击对手。自己也会损失最大HP的1/4。
strugglebug,Struggle Bug,100% chance to lower the foe(s) Sp. Atk by 1.,虫之抵抗,抵抗并攻击对手。100%几率降低对手的特攻1级。
stuffcheeks,Stuff Cheeks,"Must hold Berry to use. User eats Berry, Def +2.",大快朵颐,吃掉携带的树果，并提高自身防御2级。
stunspore,Stun Spore,Paralyzes the target.,麻痹粉,撒出麻痹粉，从而让对手陷入麻痹状态。
submission,Submission,Has 1/4 recoil.,地狱翻滚,将对手连同自己一起摔向地面进行攻击。自己也会受到1/4的伤害。
substitute,Substitute,User takes 1/4 its max HP to put in a substitute.,替身,削减自己最大HP的1/4，制造分身。分身将成为自己的替身。
subzeroslammer,Subzero Slammer,Power is equal to the base move's Z-Power.,激狂大地万里冰,通过Ｚ力量急剧降低气温，全力冰冻对手。威力会根据原来的招式而改变。
suckerpunch,Sucker Punch,Usually goes first. Fails if target is not attacking.,突袭,可以比对手先攻击。对手使出的招式如果不是攻击招式则会失败。
sunnyday,Sunny Day,"For 5 turns, intense sunlight powers Fire moves.",大晴天,在５回合内阳光变得强烈，从而提高火属性的招式威力。水属性的招式威力则降低。
sunsteelstrike,Sunsteel Strike,Ignores the Abilities of other Pokemon.,流星闪冲,以流星般的气势猛撞对手，可无视对手的特性并进行攻击。
superfang,Super Fang,Does damage equal to 1/2 target's current HP.,愤怒门牙,用锋利的门牙猛烈地咬住对手进行攻击。对手的ＨＰ减半。
superpower,Superpower,Lowers the user's Attack and Defense by 1.,蛮力,发挥惊人的力量攻击对手。自己的攻击和防御都会降低1级。
supersonic,Supersonic,Causes the target to become confused.,超音波,从身体发出特殊的音波，从而使对手混乱。
supersonicskystrike,Supersonic Skystrike,Power is equal to the base move's Z-Power.,极速俯冲轰烈撞,通过Ｚ力量猛烈地飞向天空，朝对手全力落下。威力会根据原来的招式而改变。
surf,Surf,Hits adjacent Pokemon. Double damage on Dive.,冲浪,利用大浪攻击自己周围所有的宝可梦。
surgingstrikes,Surging Strikes,Always results in a critical hit. Hits 3 times.,水流连打,将水之流派修炼至大成的仿若行云流水般的３次连击。必定会击中要害。
swagger,Swagger,Raises the target's Attack by 2 and confuses it.,虚张声势,激怒对手，使其混乱。因为愤怒，对手的攻击会提高2级。
swallow,Swallow,Heals the user based on uses of Stockpile.,吞下,将积蓄的力量吞下，从而回复自己的ＨＰ。积蓄得越多，回复越大。
sweetkiss,Sweet Kiss,Causes the target to become confused.,天使之吻,像天使般可爱地亲吻对手，从而使对手混乱。
sweetscent,Sweet Scent,Lowers the foe(s) evasiveness by 2.,甜甜香气,用香气降低对手的闪避率2级。
swift,Swift,This move does not check accuracy. Hits foes.,高速星星,发射星形的光攻击对手。攻击必定会命中。
switcheroo,Switcheroo,User switches its held item with the target's.,掉包,用一闪而过的速度交换自己和对手的持有物。
swordsdance,Swords Dance,Raises the user's Attack by 2.,剑舞,激烈地跳起战舞提高气势。提高自己的攻击2级。
synchronoise,Synchronoise,Hits adjacent Pokemon sharing the user's type.,同步干扰,用神奇电波对周围所有和自己属性相同的宝可梦给予伤害。
synthesis,Synthesis,Heals the user by a weather-dependent amount.,光合作用,回复自己的ＨＰ。根据天气的不同，回复量也会有所变化。
tackle,Tackle,No additional effect.,撞击,用整个身体撞向对手进行攻击。
tailglow,Tail Glow,Raises the user's Sp. Atk by 3.,萤火,凝视闪烁的光芒，集中自己的精神，从而提高特攻3级。
tailslap,Tail Slap,Hits 2-5 times in one turn.,扫尾追打,用坚硬的尾巴拍打对手进行攻击。连续攻击２～５次。
tailwhip,Tail Whip,Lowers the foe(s) Defense by 1.,摇尾巴,可爱地左右摇晃尾巴，诱使对手疏忽大意。100%几率降低对手的防御1级。
tailwind,Tailwind,"For 4 turns, allies' Speed is doubled.",顺风,刮起猛烈的旋风，在４回合内提高我方全员的速度。
takedown,Take Down,Has 1/4 recoil.,猛撞,以惊人的气势撞向对手进行攻击。自己也会受到1/4的伤害。
tarshot,Tar Shot,Target gets -1 Spe and becomes weaker to Fire.,沥青射击,泼洒黏糊糊的沥青，降低对手的速度1级，并且使对手的弱点变为火。
taunt,Taunt,Target can't use status moves its next 3 turns.,挑衅,使对手愤怒。在３回合内让对手只能使出给予伤害的招式。
tearfullook,Tearful Look,Lowers the target's Attack and Sp. Atk by 1.,泪眼汪汪,变得泪眼汪汪，让对手丧失斗志。从而降低对手的攻击和特攻各1级。
teatime,Teatime,All active Pokemon consume held Berries.,茶会,举办一场茶会，场上的所有宝可梦都会吃掉自己携带的树果。
technoblast,Techno Blast,Type varies based on the held Drive.,高科技光炮,向对手放出光弹。属性会根据自己携带的卡带不同而改变。
tectonicrage,Tectonic Rage,Power is equal to the base move's Z-Power.,地隆啸天大终结,通过Ｚ力量潜入地里最深处，全力撞上对手。威力会根据原来的招式而改变。
teeterdance,Teeter Dance,Confuses adjacent Pokemon.,摇晃舞,摇摇晃晃地跳起舞蹈，让自己周围的宝可梦陷入混乱状态。
telekinesis,Telekinesis,"For 3 turns, target floats but moves can't miss it.",意念移物,利用超能力使对手浮起来。在３回合内攻击会变得容易打中对手。
teleport,Teleport,User switches out.,瞬间移动,停止和野生宝可梦战斗并逃走。
terrainpulse,Terrain Pulse,"User on terrain: power doubles, type varies.",大地波动,借助场地的力量进行攻击。视使出招式时场地状态不同，招式的属性和威力会有所变化。
thief,Thief,"If the user has no item, it steals the target's.",小偷,攻击的同时盗取道具。当自己携带道具时，不会去盗取。
thousandarrows,Thousand Arrows,Grounds adjacent foes. First hit neutral on Flying.,千箭齐发,可以击中浮在空中的宝可梦。空中的对手被击落后，会掉到地面。
thousandwaves,Thousand Waves,Hits adjacent foes. Prevents them from switching.,千波激荡,从地面掀起波浪进行攻击。被掀入波浪中的对手，将无法从战斗中逃走。
thrash,Thrash,Lasts 2-3 turns. Confuses the user afterwards.,大闹一番,在２～３回合内，乱打一气地攻击对手。大闹一番后自己会陷入混乱。
throatchop,Throat Chop,"For 2 turns, the target cannot use sound moves.",地狱突刺,受到此招式攻击的对手，会因为地狱般的痛苦，在２回合内，变得无法使出声音类招式。
thunder,Thunder,30% chance to paralyze. Can't miss in rain.,打雷,向对手劈下暴雷进行攻击。30%几率让对手陷入麻痹状态。
thunderbolt,Thunderbolt,10% chance to paralyze the target.,十万伏特,向对手发出强力电击进行攻击。10%几率让对手陷入麻痹状态。
thundercage,Thunder Cage,Traps and damages the target for 4-5 turns.,雷电囚笼,将对手困在电流四溅的囚笼中，在４～５回合内进行攻击。
thunderfang,Thunder Fang,10% chance to paralyze. 10% chance to flinch.,雷电牙,用蓄满电流的牙齿咬住对手。10%几率使对手畏缩或陷入麻痹状态。
thunderouskick,Thunderous Kick,100% chance to lower the target's Defense by 1.,雷鸣蹴击,以雷电般的动作戏耍对手的同时使出脚踢。可降低对手的防御1级。
thunderpunch,Thunder Punch,10% chance to paralyze the target.,雷电拳,用充满电流的拳头攻击对手。10%几率让对手陷入麻痹状态。
thundershock,Thunder Shock,10% chance to paralyze the target.,电击,发出电流刺激对手进行攻击。10%几率让对手陷入麻痹状态。
thunderwave,Thunder Wave,Paralyzes the target.,电磁波,向对手发出微弱的电击，从而让对手陷入麻痹状态。
tickle,Tickle,Lowers the target's Attack and Defense by 1.,挠痒,给对手挠痒，使其发笑，从而降低对手的攻击和防御各1级。
topsyturvy,Topsy-Turvy,Inverts the target's stat stages.,颠倒,颠倒对手身上的所有能力变化，变成和原来相反的状态。
torment,Torment,Target can't select the same move twice in a row.,无理取闹,向对手无理取闹，令其不能连续２次使出相同招式。
toxic,Toxic,Badly poisons the target. Poison types can't miss.,剧毒,让对手陷入剧毒状态。随着回合的推进，中毒伤害会增加。
toxicspikes,Toxic Spikes,Poisons grounded foes on switch-in. Max 2 layers.,毒菱,在对手的脚下撒毒菱。使对手替换出场的宝可梦中毒。
toxicthread,Toxic Thread,Lowers the target's Speed by 1 and poisons it.,毒丝,将混有毒的丝吐向对手。使其中毒，并降低对手的速度1级。
transform,Transform,"Copies target's stats, moves, types, and Ability.",变身,变身成对手宝可梦的样子，能够使用和对手完全相同的招式
triattack,Tri Attack,20% chance to paralyze or burn or freeze target.,三重攻击,用３种光线进行攻击。有20%几率让对手陷入麻痹、灼伤或冰冻的状态。
trick,Trick,User switches its held item with the target's.,戏法,抓住对手的空隙，交换自己和对手的持有物。
trickortreat,Trick-or-Treat,Adds Ghost to the target's type(s).,万圣夜,邀请对手参加万圣夜。使对手被追加幽灵属性。
trickroom,Trick Room,"Goes last. For 5 turns, turn order is reversed.",戏法空间,制造出离奇的空间。在５回合内速度慢的宝可梦可以先行动。
tripleaxel,Triple Axel,"Hits 3 times. Each hit can miss, but power rises.",三旋击,连续３次踢对手进行攻击。每踢中一次，威力就会提高。
triplekick,Triple Kick,"Hits 3 times. Each hit can miss, but power rises.",三连踢,连续３次踢对手进行攻击。每踢中一次，威力就会提高。
tropkick,Trop Kick,100% chance to lower the target's Attack by 1.,热带踢,向对手使出来自南国的火热脚踢。从而降低对手的攻击1级。
trumpcard,Trump Card,More power the fewer PP this move has left.,王牌,王牌招式的剩余ＰＰ越少，招式的威力越大。
twineedle,Twineedle,Hits 2 times. Each hit has 20% chance to poison.,双针,将２根针刺入对手，连续２次给予伤害。每次都有20%的几率让对手陷入中毒状态。
twinkletackle,Twinkle Tackle,Power is equal to the base move's Z-Power.,可爱星星飞天撞,通过Ｚ力量制造魅惑空间，全力捉弄对手。威力会根据原来的招式而改变。
twister,Twister,20% chance to flinch the foe(s).,龙卷风,兴起龙卷风，将对手卷入进行攻击。20%几率使对手畏缩。
uturn,U-turn,User switches out after damaging the target.,急速折返,在攻击之后急速返回，和后备宝可梦进行替换。
uproar,Uproar,Lasts 3 turns. Active Pokemon cannot fall asleep.,吵闹,在３回合内用骚乱攻击对手。在此期间谁都不能入眠。
vacuumwave,Vacuum Wave,Usually goes first.,真空波,挥动拳头，掀起真空波。必定能够先制攻击。
vcreate,V-create,"Lowers the user's Defense, Sp. Def, Speed by 1.",V热焰,从前额产生灼热的火焰，舍身撞击对手。令使用者防御、特防和速度各降低1级。
veeveevolley,Veevee Volley,Max happiness: 102 power. Can't miss.,砰砰击破,伊布越喜欢训练家，冲撞的威力就越强。攻击必定会命中。
venomdrench,Venom Drench,Lowers Atk/Sp. Atk/Speed of poisoned foes by 1.,毒液陷阱,将特殊的毒液泼向对手。对处于中毒状态的对手，使其攻击、特攻和速度各降低1级。
venoshock,Venoshock,Power doubles if the target is poisoned.,毒液冲击,将特殊的毒液泼向对手。对处于中毒状态的对手，威力会变成２倍。
vinewhip,Vine Whip,No additional effect.,藤鞭,用如同鞭子般弯曲而细长的藤蔓摔打对手进行攻击。
visegrip,Vise Grip,No additional effect.,夹住,将对手从两侧夹住，给予伤害。
vitalthrow,Vital Throw,This move does not check accuracy. Goes last.,借力摔,会在对手之后进行攻击。但是自己的攻击必定会命中。
voltswitch,Volt Switch,User switches out after damaging the target.,伏特替换,在攻击之后急速返回，和后备宝可梦进行替换。
volttackle,Volt Tackle,Has 33% recoil. 10% chance to paralyze target.,伏特攻击,让电流覆盖全身猛撞向对手。自己也会受到1/3的伤害。10%几率让对手陷入麻痹状态。
wakeupslap,Wake-Up Slap,"Power doubles if target is asleep, and wakes it.",唤醒巴掌,给予睡眠状态下的对手较大的伤害。但相反对手会从睡眠中醒过来。
waterfall,Waterfall,20% chance to flinch the target.,攀瀑,以惊人的气势扑向对手。20%几率使对手畏缩。
watergun,Water Gun,No additional effect.,水枪,向对手猛烈地喷射水流进行攻击。
waterpledge,Water Pledge,Use with Grass or Fire Pledge for added effect.,水之誓约,用水柱进行攻击。如果和草之誓约或火之誓约组合，效果更佳。
waterpulse,Water Pulse,20% chance to confuse the target.,水之波动,用水的震动攻击对手。20%几率使对手混乱。
watershuriken,Water Shuriken,Usually goes first. Hits 2-5 times in one turn.,飞水手里剑,用粘液制成的手里剑，连续攻击２～５次。必定能够先制攻击。
watersport,Water Sport,"For 5 turns, Fire-type attacks have 1/3 power.",玩水,用水湿透周围。在５回合内减弱火属性的招式。
waterspout,Water Spout,Less power as user's HP decreases. Hits foe(s).,喷水,掀起潮水进行攻击。自己的ＨＰ越少，招式的威力越小。
weatherball,Weather Ball,Power doubles and type varies in each weather.,气象球,根据使用时的天气，招式属性和威力会改变。
whirlpool,Whirlpool,Traps and damages the target for 4-5 turns.,潮旋,将对手困在激烈的水流旋涡中，在４～５回合内进行攻击。
whirlwind,Whirlwind,Forces the target to switch to a random ally.,吹飞,吹飞对手，强制拉后备宝可梦上场。如果对手为野生宝可梦，战斗将直接结束。
wickedblow,Wicked Blow,Always results in a critical hit.,暗冥强击,将恶之流派修炼至大成的猛烈一击。必定会击中要害。
wideguard,Wide Guard,Protects allies from multi-target moves this turn.,广域防守,在１回合内防住击打我方全员的攻击。
wildcharge,Wild Charge,Has 1/4 recoil.,疯狂伏特,让电流覆盖全身撞向对手进行攻击。自己也会受到1/4的伤害。
willowisp,Will-O-Wisp,Burns the target.,鬼火,放出怪异的火焰，从而让对手陷入灼伤状态。
wingattack,Wing Attack,No additional effect.,翅膀攻击,大大地展开美丽的翅膀，将其撞向对手进行攻击。
wish,Wish,"Next turn, 50% of the user's max HP is restored.",祈愿,在下一回合回复自己或是替换出场的宝可梦最大ＨＰ的一半。
withdraw,Withdraw,Raises the user's Defense by 1.,缩入壳中,缩入壳里保护身体，从而提高自己的防御1级。
wonderroom,Wonder Room,"For 5 turns, all Defense and Sp. Def stats switch.",奇妙空间,制造出离奇的空间。在５回合内互换所有宝可梦的防御和特防。
woodhammer,Wood Hammer,Has 33% recoil.,木槌,用坚硬的躯体撞击对手进行攻击。自己也会受到1/3的伤害。
workup,Work Up,Raises the user's Attack and Sp. Atk by 1.,自我激励,激励自己，从而提高攻击和特攻各1级。
worryseed,Worry Seed,The target's Ability becomes Insomnia.,烦恼种子,种植心神不宁的种子。使对手不能入眠，并将特性变成不眠。
wrap,Wrap,Traps and damages the target for 4-5 turns.,紧束,使用长长的身体或藤蔓等，在４～５回合内紧束对手进行攻击。
wringout,Wring Out,More power the more HP the target has left.,绞紧,用力勒紧对手进行攻击。对手的ＨＰ越多，威力越大。
xscissor,X-Scissor,No additional effect.,十字剪,将镰刀或爪子像剪刀般地交叉，顺势劈开对手。
yawn,Yawn,Puts the target to sleep after 1 turn.,哈欠,打个大哈欠引起瞌睡。在下一回合让对手陷入睡眠状态。
zapcannon,Zap Cannon,100% chance to paralyze the target.,电磁炮,发射大炮一样的电流进行攻击。100%几率让对手陷入麻痹状态。
zenheadbutt,Zen Headbutt,20% chance to flinch the target.,意念头锤,将思念的力量集中在前额进行攻击。20%几率使对手畏缩。
zingzap,Zing Zap,30% chance to flinch the target.,麻麻刺刺,撞向对手，并发出强电，使其感到麻麻刺刺的。30%几率使对手畏缩。
zippyzap,Zippy Zap,Goes first. Raises user's evasion by 1.,电电加速,迅猛无比的电击。必定能够先制攻击，必定会击中对方的要害。
hiddenpowerbug,Hidden Power Bug,,觉醒力量（虫）,招式的属性会随着使用此招式的宝可梦而改变。
hiddenpowerdark,Hidden Power Dark,,觉醒力量（暗影）,招式的属性会随着使用此招式的宝可梦而改变。
hiddenpowerdragon,Hidden Power Dragon,,觉醒力量（龙）,招式的属性会随着使用此招式的宝可梦而改变。
hiddenpowerelectric,Hidden Power Electric,,觉醒力量（电）,招式的属性会随着使用此招式的宝可梦而改变。
hiddenpowerfighting,Hidden Power Fighting,,觉醒力量（格斗）,招式的属性会随着使用此招式的宝可梦而改变。
hiddenpowerfire,Hidden Power Fire,,觉醒力量（火）,招式的属性会随着使用此招式的宝可梦而改变。
hiddenpowerflying,Hidden Power Flying,,觉醒力量（飞）,招式的属性会随着使用此招式的宝可梦而改变。
hiddenpowerghost,Hidden Power Ghost,,觉醒力量（幽灵）,招式的属性会随着使用此招式的宝可梦而改变。
hiddenpowergrass,Hidden Power Grass,,觉醒力量（草）,招式的属性会随着使用此招式的宝可梦而改变。
hiddenpowerground,Hidden Power Ground,,觉醒力量（地）,招式的属性会随着使用此招式的宝可梦而改变。
hiddenpowerice,Hidden Power Ice,,觉醒力量（冰）,招式的属性会随着使用此招式的宝可梦而改变。
hiddenpowerpoison,Hidden Power Poison,,觉醒力量（毒）,招式的属性会随着使用此招式的宝可梦而改变。
hiddenpowerpsychic,Hidden Power Psychic,,觉醒力量（超能）,招式的属性会随着使用此招式的宝可梦而改变。
hiddenpowerrock,Hidden Power Rock,,觉醒力量（岩石）,招式的属性会随着使用此招式的宝可梦而改变。
hiddenpowersteel,Hidden Power Steel,,觉醒力量（钢）,招式的属性会随着使用此招式的宝可梦而改变。
hiddenpowerwater,Hidden Power Water,,觉醒力量（水）,招式的属性会随着使用此招式的宝可梦而改变。
magikarpsrevenge,Magikarp's Revenge,Does many things turn 1. Can't move turn 2.,鲤鱼王的复仇,第1回合做很多事情，第2回合不能行动。